id,first_name,last_name,email,gender,ip_address,ID
1,Christalle,Gerrard,cgerrard0@dropbox.com,Female,201.143.241.200,[.-]2.	
2,Odelia,Garnsworthy,ogarnsworthy1@youtu.be,Female,37.173.9.180,"^.
"
3,Harli,Waldren,hwaldren2@wix.com,Female,126.140.225.155,"[.-]2."
4,Tildi,Ferencz,tferencz3@admin.ch,Female,230.211.208.156,^$
5,Bev,Yuille,byuille4@dot.gov,Male,56.140.105.55,"^.
"
6,Arden,Jurries,ajurries5@ustream.tv,Female,51.28.253.96,"^"
7,Dominga,Limmer,dlimmer6@ucoz.ru,Female,78.94.219.167,"^."
8,Correna,Godier,cgodier7@simplemachines.org,Female,135.252.3.221,"[.-]9."
9,Richmound,Shakspeare,rshakspeare8@psu.edu,Male,16.255.106.214,^
10,Rebeca,Alleway,ralleway9@prnewswire.com,Female,74.13.250.8,[.-]1.
11,Rici,Weildish,rweildisha@sun.com,Female,167.211.14.73,"
)([157])(510561)([]4[].
"
12,Saxon,Hauck,shauckb@artisteer.com,Male,51.112.217.218,[.-]4.
13,Bevin,Bassett,bbassettc@huffingtonpost.com,Male,109.156.35.137,)([157])(167277)([]8[]	
14,Fonsie,O' Lone,foloned@behance.net,Male,23.87.2.43,"[.-]9."
15,Quinton,Neagle,qneaglee@whitehouse.gov,Male,230.190.28.225,^$
16,Elset,Feveryear,efeveryearf@51.la,Female,48.126.175.221,[.-]0$
17,Fanechka,Humpherston,fhumpherstong@wikispaces.com,Female,58.154.169.25,"[.-]4
"
18,Mindy,King,mkingh@digg.com,Female,107.86.38.216,"	)([157])(864451)([]8[]
"
19,Laughton,Sinnott,lsinnotti@edublogs.org,Male,56.29.140.13,[.-]1.	
20,Constantine,Rotherforth,crotherforthj@oracle.com,Female,65.190.66.46,"[.-]7."
21,Lisbeth,Ionn,lionnk@illinois.edu,Female,157.14.86.215,[.-]1.	
22,Denys,Woodsford,dwoodsfordl@wsj.com,Male,85.172.169.180,)([157])(148298)([]2[]$
23,Aeriell,Shakspeare,ashakspearem@geocities.com,Female,195.56.232.87,[.-]4$
24,Catarina,Hedgeley,chedgeleyn@ameblo.jp,Female,81.61.68.216,")([157])(234205)([]6[]."
25,Shalom,Thackston,sthackstono@bluehost.com,Male,80.153.13.239,"
)([157])(201710)([]9[]."
26,Barnaby,Neicho,bneichop@bloomberg.com,Male,169.41.188.82,")([157])(616687)([]3[]"
27,Annabel,Stitt,astittq@noaa.gov,Female,93.158.70.45,"[.-]6"
28,Rusty,Grinsdale,rgrinsdaler@vinaora.com,Male,178.18.166.220,[.-]6.	
29,Deane,Rosser,drossers@yandex.ru,Male,89.237.164.231,[.-]1
30,Gwendolyn,McKag,gmckagt@google.com.br,Female,172.42.118.128,[.-]6$
31,Arnaldo,Mungane,amunganeu@answers.com,Male,52.107.112.150,")([157])(443037)([]5[]"
32,Benedetta,Cheshire,bcheshirev@cnet.com,Female,198.195.136.220,[.-]3
33,Rosamond,Staines,rstainesw@storify.com,Female,131.94.39.122,^.	
34,Cad,Machel,cmachelx@un.org,Male,255.34.38.74,^	
35,Darin,Campes,dcampesy@newyorker.com,Male,198.3.196.167,[.-]8$
36,Mallory,Gyves,mgyvesz@disqus.com,Male,250.7.158.198,"[.-]2.
"
37,Keelby,Gervaise,kgervaise10@xrea.com,Male,4.100.178.73,"[.-]3
"
38,Luca,Brigdale,lbrigdale11@admin.ch,Male,251.190.48.116,[.-]1	
39,Burlie,Pittam,bpittam12@sbwire.com,Male,119.201.253.25,[.-]5	
40,Melania,Allen,mallen13@army.mil,Female,151.151.243.155,[.-]1.
41,Alidia,Tomasoni,atomasoni14@irs.gov,Female,132.140.48.80,[.-]5	
42,Nadia,Haensel,nhaensel15@vkontakte.ru,Female,152.14.52.177,	)([157])(546095)([]4[]$
43,Nessa,Skoughman,nskoughman16@about.com,Female,132.179.181.238,[.-]6$
44,Tucky,Jaslem,tjaslem17@admin.ch,Male,27.165.130.57,"[.-]1"
45,Dennie,Hatrick,dhatrick18@dell.com,Male,38.35.15.117,)([157])(132930)([]5[]$
46,Evangelina,Sodory,esodory19@trellian.com,Female,224.96.215.181,[.-]1	
47,Sheridan,Byles,sbyles1a@amazon.co.jp,Male,186.44.71.57,)([157])(810058)([]5[]
48,Lin,Wilder,lwilder1b@arizona.edu,Female,249.159.36.212,")([157])(526733)([]2[]$"
49,Tiffy,Dienes,tdienes1c@weibo.com,Female,218.53.90.68,[.-]0$
50,Court,Foxwell,cfoxwell1d@elegantthemes.com,Male,119.216.192.101,^$
51,Natka,Conway,nconway1e@huffingtonpost.com,Female,217.58.58.3,"^."
52,Dietrich,Gaythor,dgaythor1f@hud.gov,Male,243.77.200.235,"[.-]7.
"
53,Frank,Bromage,fbromage1g@mac.com,Male,143.202.178.11,[.-]1$
54,Nowell,Lowdyane,nlowdyane1h@360.cn,Male,81.182.164.87,[.-]4
55,Riannon,Harrold,rharrold1i@yellowpages.com,Female,33.204.12.182,[.-]3.
56,Xenos,Matusov,xmatusov1j@arizona.edu,Male,173.183.158.165,)([157])(738706)([]8[].	
57,Josephina,Lindsay,jlindsay1k@slate.com,Female,41.121.237.10,^
58,Tannie,Parish,tparish1l@sfgate.com,Male,144.227.46.153,^$
59,Maxim,Bonellie,mbonellie1m@webs.com,Male,125.33.143.213,^$
60,Bartlet,Forde,bforde1n@phoca.cz,Male,65.195.205.126,[.-]6$
61,Kayley,Spry,kspry1o@ameblo.jp,Female,8.45.248.127,[.-]2$
62,Brandise,Franchioni,bfranchioni1p@angelfire.com,Female,251.89.30.194,	)([157])(545974)([]9[]$
63,Chancey,Newsome,cnewsome1q@accuweather.com,Male,128.110.8.129,"[.-]0
"
64,Cassy,Walkey,cwalkey1r@list-manage.com,Female,216.105.186.97,"[.-]6
"
65,Tildie,Gaines,tgaines1s@acquirethisname.com,Female,209.0.53.42,^.	
66,Sheeree,Bruckman,sbruckman1t@vistaprint.com,Female,71.206.5.239,"^."
67,Gil,McTrustram,gmctrustram1u@163.com,Male,44.105.215.196,"^.
"
68,Isidora,Luby,iluby1v@mtv.com,Female,135.148.115.255,"^"
69,Neill,Deighan,ndeighan1w@netvibes.com,Male,182.188.225.162,[.-]5$
70,Barbaraanne,Beck,bbeck1x@ycombinator.com,Female,121.17.226.64,"[.-]9."
71,Sondra,Schott,sschott1y@cafepress.com,Female,230.1.238.36,[.-]7$
72,Emeline,Blaschek,eblaschek1z@com.com,Female,25.182.199.116,[.-]8.
73,Silvie,Mountlow,smountlow20@scribd.com,Female,65.208.107.19,[.-]9.
74,Elva,Windless,ewindless21@dagondesign.com,Female,207.11.50.60,[.-]1.	
75,Dolf,Scroggie,dscroggie22@furl.net,Male,75.239.74.189,"[.-]9
"
76,Lynnet,Dayly,ldayly23@un.org,Female,11.71.87.0,"^
"
77,Urban,Eyer,ueyer24@nps.gov,Male,126.247.110.114,"
)([157])(385041)([]6[].	"
78,Alma,MacHarg,amacharg25@umich.edu,Female,38.247.67.138,"[.-]5"
79,Elinore,Hunting,ehunting26@salon.com,Female,1.64.230.39,"[.-]7"
80,Karalynn,Duncklee,kduncklee27@a8.net,Female,227.193.134.136,"[.-]0
"
81,Tobit,Cathcart,tcathcart28@php.net,Male,240.224.140.94,^$
82,Heindrick,Savoury,hsavoury29@amazon.de,Male,155.110.40.249,	)([157])(057132)([]8[]$
83,Debor,Rowett,drowett2a@biblegateway.com,Female,138.236.23.39,")([157])(032764)([]8[].	"
84,Richy,Heaselgrave,rheaselgrave2b@furl.net,Male,99.246.17.30,[.-]6$
85,Francene,MacCollom,fmaccollom2c@istockphoto.com,Female,36.3.81.255,^
86,Ronny,Poacher,rpoacher2d@yellowpages.com,Female,12.3.239.112,"[.-]4.
"
87,Cob,Haberjam,chaberjam2e@businessweek.com,Male,153.89.16.41,^.
88,Kyle,Pinks,kpinks2f@moonfruit.com,Female,124.58.182.190,")([157])(506022)([]4[]$"
89,Fergus,Wolpert,fwolpert2g@artisteer.com,Male,17.96.213.139,"[.-]3.
"
90,Dominik,Fillingham,dfillingham2h@kickstarter.com,Male,39.75.53.250,[.-]0$
91,Mireielle,Atwell,matwell2i@moonfruit.com,Female,108.144.36.127,")([157])(893501)([]2[]."
92,Elianore,McCourt,emccourt2j@nhs.uk,Female,69.34.247.177,"
)([157])(537670)([]6[]."
93,Saxe,Bettison,sbettison2k@cargocollective.com,Male,166.233.87.231,[.-]8.
94,Roderich,Alldred,ralldred2l@lycos.com,Male,122.131.180.29,"[.-]7."
95,Nat,Undy,nundy2m@theglobeandmail.com,Male,179.251.215.91,^
96,Jeanette,Becken,jbecken2n@ucoz.com,Female,56.112.128.77,[.-]8$
97,Helge,O'Hare,hohare2o@soundcloud.com,Female,124.35.144.203,[.-]7.	
98,Mickie,Orrin,morrin2p@dedecms.com,Female,41.134.92.87,[.-]7
99,Trumann,Lakenton,tlakenton2q@canalblog.com,Male,166.78.200.243,"[.-]7"
100,Melonie,Demare,mdemare2r@xrea.com,Female,76.226.145.41,[.-]2$
101,Leonerd,Le feuvre,llefeuvre2s@freewebs.com,Male,13.148.1.198,[.-]6	
102,Herc,Jaggi,hjaggi2t@tripadvisor.com,Male,145.204.203.181,"[.-]1."
103,Gwenore,Hubbucke,ghubbucke2u@hexun.com,Female,15.40.81.180,"[.-]2"
104,Lin,Borman,lborman2v@irs.gov,Female,49.224.39.36,"
)([157])(246518)([]8[]"
105,Kaja,Abbatucci,kabbatucci2w@salon.com,Female,139.207.182.22,^.
106,Allayne,Bencher,abencher2x@mediafire.com,Male,95.80.213.115,^$
107,Jacquenetta,Corneille,jcorneille2y@google.com,Female,196.222.204.80,[.-]8
108,Bunny,Humm,bhumm2z@ebay.co.uk,Female,90.225.232.32,"^.
"
109,Fleming,Schuchmacher,fschuchmacher30@typepad.com,Male,18.107.146.114,[.-]6
110,Caren,Stansbie,cstansbie31@squarespace.com,Female,191.126.202.103,^.	
111,Carmela,Gale,cgale32@woothemes.com,Female,36.8.70.155,"[.-]6"
112,Kym,Fireman,kfireman33@canalblog.com,Female,121.143.99.160,[.-]1.
113,Bidget,Durrance,bdurrance34@last.fm,Female,53.72.154.210,[.-]9	
114,Mead,Baskeyfield,mbaskeyfield35@discuz.net,Male,19.83.121.239,[.-]5.
115,Catie,Stiff,cstiff36@uol.com.br,Female,157.56.38.28,[.-]9$
116,Erwin,Estcot,eestcot37@angelfire.com,Male,170.194.31.231,"[.-]4"
117,Sallee,Giovannazzi,sgiovannazzi38@weebly.com,Female,52.120.67.92,"
)([157])(477167)([]4[]"
118,Hedvige,Klimashevich,hklimashevich39@github.io,Female,255.85.164.189,^$
119,Tilda,Northen,tnorthen3a@comcast.net,Female,139.138.56.81,)([157])(878421)([]4[].
120,Dulcea,Rosenfelder,drosenfelder3b@stumbleupon.com,Female,15.123.149.194,"[.-]3"
121,Marina,Dradey,mdradey3c@xing.com,Female,80.54.94.79,[.-]4$
122,Aldous,Lipp,alipp3d@sfgate.com,Male,187.85.211.244,"[.-]3.
"
123,Gussie,Kirman,gkirman3e@businesswire.com,Female,9.86.49.142,[.-]7$
124,Cristabel,Swiffan,cswiffan3f@symantec.com,Female,227.164.25.164,^.
125,Cosimo,Cruft,ccruft3g@who.int,Male,227.20.79.54,[.-]0	
126,Marget,Scotson,mscotson3h@cargocollective.com,Female,226.98.227.231,[.-]5$
127,Konstanze,Panas,kpanas3i@1688.com,Female,224.71.193.241,[.-]7.	
128,Thorvald,Keveren,tkeveren3j@who.int,Male,164.150.230.234,^	
129,Nicolina,Pietron,npietron3k@economist.com,Female,101.11.227.85,^$
130,Ivett,Yewen,iyewen3l@smugmug.com,Female,140.179.191.215,")([157])(127370)([]1[]"
131,Jandy,Tremberth,jtremberth3m@jalbum.net,Female,88.194.15.97,"^"
132,Rycca,Siehard,rsiehard3n@cnet.com,Female,125.20.202.43,[.-]8.	
133,Orton,Dobel,odobel3o@moonfruit.com,Male,46.238.35.147,^.	
134,Olvan,Portman,oportman3p@unblog.fr,Male,94.131.154.16,[.-]9.	
135,Desi,Kimmince,dkimmince3q@liveinternet.ru,Male,58.46.96.104,"	)([157])(973698)([]3[].
"
136,Marget,McCalum,mmccalum3r@com.com,Female,52.215.221.10,[.-]5
137,Lanie,Bocking,lbocking3s@istockphoto.com,Male,105.71.122.147,"[.-]4."
138,Roscoe,Risson,rrisson3t@about.com,Male,154.107.245.72,[.-]6	
139,Damara,Reyburn,dreyburn3u@soup.io,Female,211.93.109.144,"^."
140,Neel,Firpi,nfirpi3v@blogtalkradio.com,Male,223.157.152.27,^	
141,Marlowe,Robel,mrobel3w@dropbox.com,Male,175.29.118.23,"[.-]0."
142,Korie,Raymen,kraymen3x@google.cn,Female,204.52.32.125,")([157])(241545)([]1[]$"
143,Rogers,Rediers,rrediers3y@odnoklassniki.ru,Male,37.218.151.155,")([157])(430138)([]9[]."
144,Georgianna,Marjoribanks,gmarjoribanks3z@timesonline.co.uk,Female,37.67.90.245,[.-]3$
145,Eleanore,Tarpey,etarpey40@trellian.com,Female,199.232.232.150,[.-]3.	
146,Aurlie,Beckingham,abeckingham41@businessinsider.com,Female,217.7.103.119,[.-]5
147,Margarethe,Colquhoun,mcolquhoun42@163.com,Female,138.149.44.39,[.-]0	
148,Kelcy,Baitson,kbaitson43@pagesperso-orange.fr,Female,243.20.62.122,	)([157])(751784)([]5[]$
149,Kimbell,Wellbelove,kwellbelove44@businesswire.com,Male,132.20.198.189,"
)([157])(692947)([]6[]$"
150,Darleen,Sissland,dsissland45@issuu.com,Female,74.11.63.87,")([157])(288025)([]8[]."
151,Avictor,Bryer,abryer46@hugedomains.com,Male,247.122.20.141,^	
152,Lanny,Florentine,lflorentine47@123-reg.co.uk,Male,13.166.150.118,"^.
"
153,Andriana,Maase,amaase48@amazon.co.jp,Female,192.90.177.57,"^.
"
154,Mab,Gillooly,mgillooly49@opera.com,Female,109.145.48.125,"[.-]2
"
155,Aguie,Lawlan,alawlan4a@statcounter.com,Male,207.126.191.139,	)([157])(516941)([]0[].
156,Tawnya,Gouldsmith,tgouldsmith4b@java.com,Female,197.230.90.126,"[.-]6"
157,Dagny,Roebottom,droebottom4c@last.fm,Male,130.28.109.193,")([157])(900764)([]0[]."
158,Neville,Malster,nmalster4d@mac.com,Male,108.231.41.99,[.-]5
159,Richart,Doole,rdoole4e@cbc.ca,Male,24.117.218.138,"^
"
160,Howey,Feare,hfeare4f@hatena.ne.jp,Male,56.31.44.8,"	)([157])(985203)([]7[].
"
161,Debor,Critchard,dcritchard4g@bluehost.com,Female,192.183.54.68,[.-]3$
162,Maribeth,McAtamney,mmcatamney4h@chron.com,Female,235.56.14.65,^	
163,Wilt,Swatland,wswatland4i@arizona.edu,Male,33.211.162.56,)([157])(927505)([]0[].	
164,Derrick,Reitenbach,dreitenbach4j@nifty.com,Male,205.120.171.213,[.-]7.
165,Read,MacMarcuis,rmacmarcuis4k@xing.com,Male,240.17.99.87,[.-]6$
166,Aggi,Jansens,ajansens4l@wsj.com,Female,74.83.41.109,"[.-]4
"
167,Ravid,Iacavone,riacavone4m@howstuffworks.com,Male,101.64.14.185,"	)([157])(266711)([]1[].
"
168,Veronica,Elener,velener4n@yale.edu,Female,84.190.73.106,")([157])(581244)([]6[]
"
169,Winfield,Filisov,wfilisov4o@youtube.com,Male,152.241.82.112,"^.
"
170,Arvy,Ghidetti,aghidetti4p@google.fr,Male,93.0.17.87,"[.-]8.
"
171,Raoul,Arnauduc,rarnauduc4q@ehow.com,Male,201.2.51.67,[.-]0$
172,Eric,Malshinger,emalshinger4r@google.com.au,Male,56.16.90.172,[.-]2$
173,Arman,Gouldthorpe,agouldthorpe4s@webs.com,Male,186.56.230.57,"[.-]3."
174,Genovera,Juhruke,gjuhruke4t@people.com.cn,Female,187.244.187.63,^.
175,Fenelia,Lambdean,flambdean4u@topsy.com,Female,23.83.150.149,"	)([157])(562239)([]6[].
"
176,Herta,Gillmore,hgillmore4v@nifty.com,Female,202.29.236.247,"[.-]2."
177,Creighton,Piggford,cpiggford4w@shinystat.com,Male,147.228.40.5,[.-]1.	
178,Erich,Tipens,etipens4x@ameblo.jp,Male,136.124.165.230,	)([157])(289098)([]7[]$
179,Antons,Bremeyer,abremeyer4y@cbslocal.com,Male,204.51.82.221,"[.-]3
"
180,Alan,Boyack,aboyack4z@nhs.uk,Male,212.131.58.78,"^."
181,Jimmie,Herion,jherion50@pinterest.com,Male,213.1.223.214,"^."
182,Baryram,Aharoni,baharoni51@eventbrite.com,Male,132.221.121.62,"[.-]3.
"
183,Marge,Greep,mgreep52@aol.com,Female,218.138.56.174,"^"
184,Tamma,Letch,tletch53@amazonaws.com,Female,79.3.241.95,")([157])(039306)([]0[]	"
185,Tammie,Sapwell,tsapwell54@bloglines.com,Female,16.78.112.69,	)([157])(183715)([]7[].	
186,Orly,Blasl,oblasl55@wordpress.org,Female,15.61.47.176,"[.-]5."
187,Marianne,Bartosik,mbartosik56@123-reg.co.uk,Female,124.30.85.232,[.-]4.	
188,Imogen,Greenrod,igreenrod57@barnesandnoble.com,Female,249.179.34.239,"[.-]8.
"
189,Giulia,Tennant,gtennant58@miitbeian.gov.cn,Female,238.253.39.251,[.-]9.	
190,Merle,Donkersley,mdonkersley59@pagesperso-orange.fr,Male,139.27.93.26,[.-]8	
191,Nike,Snadden,nsnadden5a@unicef.org,Female,120.151.174.0,"[.-]5"
192,Flossie,Kilmaster,fkilmaster5b@ask.com,Female,241.116.86.216,[.-]8$
193,Price,Bettleson,pbettleson5c@cargocollective.com,Male,231.182.208.99,^	
194,Thibaut,Caban,tcaban5d@blogger.com,Male,30.204.247.219,"[.-]3.
"
195,Rozanne,Vispo,rvispo5e@eepurl.com,Female,87.116.253.217,[.-]9$
196,Marigold,Killen,mkillen5f@istockphoto.com,Female,144.206.167.185,"^.
"
197,Margarete,Cowe,mcowe5g@economist.com,Female,119.168.86.142,[.-]0	
198,Derk,Labes,dlabes5h@so-net.ne.jp,Male,153.9.127.20,"[.-]9.
"
199,Felizio,Angeli,fangeli5i@nationalgeographic.com,Male,132.214.167.191,"	)([157])(699796)([]3[].
"
200,Theo,Fidilis,tfidilis5j@netscape.com,Female,199.108.23.215,"^."
201,Jewel,Cisland,jcisland5k@washingtonpost.com,Female,45.93.155.193,"[.-]9
"
202,Ivor,Wavell,iwavell5l@ca.gov,Male,30.152.74.106,")([157])(898231)([]9[]."
203,Welby,MacEllen,wmacellen5m@netscape.com,Male,193.75.65.135,[.-]4.
204,Maurene,Folbigg,mfolbigg5n@jimdo.com,Female,36.28.229.204,"^."
205,Rachele,Eborall,reborall5o@smugmug.com,Female,142.87.221.199,"
)([157])(197658)([]2[].	"
206,Rooney,Adamovitch,radamovitch5p@1688.com,Male,63.154.209.154,"	)([157])(627895)([]1[].
"
207,Addy,Budge,abudge5q@taobao.com,Female,169.60.25.116,[.-]3	
208,Andy,McIan,amcian5r@123-reg.co.uk,Male,81.15.72.62,^	
209,Derwin,Wield,dwield5s@craigslist.org,Male,236.79.3.17,"
)([157])(066780)([]9[]."
210,Bobbie,Offord,bofford5t@senate.gov,Female,145.76.230.238,"[.-]1."
211,Ricardo,Perassi,rperassi5u@constantcontact.com,Male,57.134.12.14,[.-]6
212,Felita,Callington,fcallington5v@furl.net,Female,191.95.117.244,^	
213,Lesya,Cason,lcason5w@biblegateway.com,Female,144.189.41.240,)([157])(606334)([]7[]$
214,Kimmie,Hubback,khubback5x@springer.com,Female,235.27.237.219,^.
215,Mallory,Isacoff,misacoff5y@weebly.com,Male,156.7.15.217,	)([157])(840424)([]6[].	
216,Christos,Eastwell,ceastwell5z@dion.ne.jp,Male,106.68.207.153,[.-]3.	
217,Anton,Stritton,astritton60@photobucket.com,Male,143.135.7.254,^$
218,Remington,Gelland,rgelland61@europa.eu,Male,250.228.45.189,")([157])(900863)([]4[]."
219,Sayer,Haselwood,shaselwood62@amazon.co.jp,Male,133.120.48.147,"^"
220,Cary,Fradson,cfradson63@upenn.edu,Female,237.187.98.216,")([157])(160663)([]1[]"
221,Baron,Teare,bteare64@constantcontact.com,Male,56.90.132.68,")([157])(541096)([]4[].
"
222,Arabella,Reichardt,areichardt65@jigsy.com,Female,210.255.138.79,"^."
223,Caddric,Romeril,cromeril66@spiegel.de,Male,230.116.249.227,[.-]7.	
224,Cristie,Brodley,cbrodley67@wordpress.com,Female,117.93.57.174,[.-]3.
225,Stanislas,Kemish,skemish68@blog.com,Male,230.23.102.164,")([157])(707346)([]3[]"
226,Dori,Diemer,ddiemer69@oracle.com,Female,92.105.232.222,"[.-]0.
"
227,Madelle,Carnson,mcarnson6a@cam.ac.uk,Female,174.222.237.143,[.-]9$
228,Gena,aManger,gamanger6b@berkeley.edu,Female,238.62.234.236,[.-]0$
229,Eddie,Iannuzzelli,eiannuzzelli6c@trellian.com,Female,68.206.188.28,[.-]0$
230,Shalne,Merrison,smerrison6d@dell.com,Female,40.221.71.213,"[.-]6
"
231,Lurette,Brooksby,lbrooksby6e@alexa.com,Female,44.186.83.118,[.-]6$
232,Ranna,Doorly,rdoorly6f@woothemes.com,Female,10.88.161.116,^.	
233,Gerry,Sachno,gsachno6g@thetimes.co.uk,Male,186.29.236.46,")([157])(044256)([]9[]."
234,Saudra,Farden,sfarden6h@ehow.com,Female,21.74.127.206,[.-]7.	
235,Nikolaos,Hugo,nhugo6i@amazon.co.uk,Male,102.99.84.195,[.-]0.	
236,Myrtia,McKimm,mmckimm6j@spiegel.de,Female,87.100.108.215,[.-]6$
237,Ethyl,Docwra,edocwra6k@hao123.com,Female,125.145.20.58,[.-]6.
238,Celie,Lippard,clippard6l@google.com,Female,112.45.94.205,	)([157])(039184)([]2[]$
239,Maddi,Slatford,mslatford6m@51.la,Female,250.151.178.98,[.-]6
240,Kelcy,Galiford,kgaliford6n@w3.org,Female,250.217.211.38,")([157])(574535)([]0[].
"
241,Hervey,Bobasch,hbobasch6o@china.com.cn,Male,163.255.143.175,")([157])(718409)([]3[]$"
242,Stu,Dourin,sdourin6p@creativecommons.org,Male,220.199.216.175,	)([157])(954631)([]7[].
243,Innis,Hallede,ihallede6q@abc.net.au,Male,218.203.200.145,")([157])(205610)([]6[]"
244,Torin,Oakey,toakey6r@admin.ch,Male,180.212.224.190,[.-]6.
245,Mil,Slight,mslight6s@guardian.co.uk,Female,43.222.191.218,	)([157])(450560)([]5[].
246,Pavia,Pettegree,ppettegree6t@netvibes.com,Female,23.80.175.63,"^"
247,Marcile,Magee,mmagee6u@taobao.com,Female,157.190.169.183,"
)([157])(284957)([]7[]$"
248,Ryan,Treasure,rtreasure6v@mapquest.com,Male,61.233.53.230,"[.-]8"
249,Aviva,Snellman,asnellman6w@ucoz.com,Female,166.135.27.241,")([157])(239473)([]8[].
"
250,Ody,Scare,oscare6x@wufoo.com,Male,54.56.145.94,"[.-]4"
251,Jeromy,Rickert,jrickert6y@twitter.com,Male,240.227.60.251,[.-]0$
252,Stearne,Loalday,sloalday6z@webs.com,Male,107.53.92.224,")([157])(199817)([]9[].	"
253,Ofella,Zottoli,ozottoli70@sakura.ne.jp,Female,161.162.150.225,[.-]1.
254,Amandy,Hanalan,ahanalan71@weebly.com,Female,201.221.15.212,"[.-]7.
"
255,Virge,Cunnane,vcunnane72@slate.com,Male,103.148.244.197,"^"
256,Colin,Fontell,cfontell73@whitehouse.gov,Male,188.255.208.172,)([157])(440844)([]3[]$
257,Paulita,Cheetam,pcheetam74@hhs.gov,Female,250.73.47.121,"[.-]8."
258,Natalee,Keyes,nkeyes75@forbes.com,Female,173.204.34.51,[.-]1.
259,Diane-marie,McArthur,dmcarthur76@webnode.com,Female,83.150.154.222,	)([157])(296298)([]9[].
260,Valentin,Borrell,vborrell77@cyberchimps.com,Male,35.44.141.186,"^"
261,Frants,Ravenscroftt,fravenscroftt78@hao123.com,Male,233.124.149.215,")([157])(017919)([]9[]
"
262,Zaccaria,Poulton,zpoulton79@indiatimes.com,Male,130.22.119.246,[.-]7$
263,Brand,Currington,bcurrington7a@nyu.edu,Male,225.56.8.219,"
)([157])(871850)([]3[]	"
264,Lynnette,Careless,lcareless7b@stanford.edu,Female,61.30.54.254,"^"
265,Gilbertine,Olenikov,golenikov7c@goodreads.com,Female,228.210.227.162,"
)([157])(409345)([]3[]	"
266,Candra,Hodcroft,chodcroft7d@whitehouse.gov,Female,201.164.28.40,"
)([157])(071589)([]4[]"
267,Marice,Ericsson,mericsson7e@engadget.com,Female,17.191.40.26,"[.-]9.
"
268,Ethelred,Woolford,ewoolford7f@upenn.edu,Male,93.120.101.137,^$
269,Sheffield,Yoell,syoell7g@cdc.gov,Male,146.15.223.216,[.-]1$
270,Cammy,Cridlin,ccridlin7h@macromedia.com,Male,93.15.59.214,^$
271,Claudell,Barents,cbarents7i@rambler.ru,Male,134.93.178.112,[.-]7$
272,Welbie,Janse,wjanse7j@stanford.edu,Male,191.75.201.45,"[.-]0"
273,Vachel,LaBastida,vlabastida7k@salon.com,Male,60.84.33.101,"[.-]1.
"
274,Hillary,Binner,hbinner7l@nhs.uk,Male,147.76.213.228,"	)([157])(773045)([]5[]."
275,Bruce,Flaune,bflaune7m@acquirethisname.com,Male,218.50.194.38,[.-]0
276,Amalee,Denning,adenning7n@sciencedaily.com,Female,33.143.89.82,^$
277,Lucas,Sainer,lsainer7o@chron.com,Male,229.254.190.157,[.-]5$
278,Frieda,D'Onisi,fdonisi7p@edublogs.org,Female,219.171.17.96,")([157])(657826)([]7[].	"
279,Elianore,Shawel,eshawel7q@amazon.de,Female,18.84.59.229,[.-]1	
280,Glynis,Mollene,gmollene7r@hp.com,Female,70.23.224.179,^
281,Shanda,Pickworth,spickworth7s@rambler.ru,Female,172.144.224.46,"
)([157])(593730)([]1[]$"
282,Mikkel,Wheeler,mwheeler7t@walmart.com,Male,119.139.28.54,"[.-]0
"
283,Ellswerth,Begg,ebegg7u@intel.com,Male,90.72.122.99,"^
"
284,Frederich,O'Connolly,foconnolly7v@seesaa.net,Male,65.87.119.13,"^
"
285,Lila,Henkmann,lhenkmann7w@biblegateway.com,Female,128.157.119.67,)([157])(482420)([]0[].
286,Deloris,Brinded,dbrinded7x@pen.io,Female,143.59.222.131,"^.
"
287,Ki,Offiler,koffiler7y@histats.com,Female,179.104.70.75,[.-]7$
288,Franciskus,Millthorpe,fmillthorpe7z@google.it,Male,64.51.167.25,[.-]2.
289,Lyndell,Fermin,lfermin80@reference.com,Female,200.25.124.67,"[.-]1"
290,Lucina,Napton,lnapton81@discuz.net,Female,146.202.118.235,"^.
"
291,Fax,Hanniger,fhanniger82@arizona.edu,Male,238.102.125.92,"[.-]9.
"
292,Florentia,Reddy,freddy83@simplemachines.org,Female,53.62.67.176,^.	
293,Dudley,Blaine,dblaine84@google.de,Male,138.4.168.250,[.-]4.
294,Cort,Youthead,cyouthead85@dropbox.com,Male,8.211.49.159,^
295,Mead,Marzellano,mmarzellano86@auda.org.au,Male,249.239.33.180,")([157])(985358)([]1[].	"
296,Vally,Gisborne,vgisborne87@cpanel.net,Female,152.227.172.230,[.-]0$
297,Breena,Janeczek,bjaneczek88@t-online.de,Female,119.108.225.221,[.-]3.
298,Cal,Rattenberie,crattenberie89@mtv.com,Male,101.177.193.252,[.-]3
299,Guilbert,Minihane,gminihane8a@usatoday.com,Male,146.244.246.118,"[.-]2
"
300,Herbie,Tessyman,htessyman8b@mashable.com,Male,95.95.103.175,"^."
301,Aubrey,Feldbrin,afeldbrin8c@bigcartel.com,Male,98.113.29.80,")([157])(864471)([]8[]
"
302,Montgomery,Debell,mdebell8d@samsung.com,Male,101.243.234.226,[.-]3$
303,Colene,Charle,ccharle8e@is.gd,Female,148.28.69.201,)([157])(621161)([]4[].	
304,Devinne,Beldon,dbeldon8f@epa.gov,Female,167.239.251.42,"[.-]0.
"
305,Ivor,Dederich,idederich8g@yahoo.com,Male,47.177.8.13,"^.
"
306,Martyn,Bishopp,mbishopp8h@rediff.com,Male,102.182.78.154,"[.-]9.
"
307,Krysta,Rentoll,krentoll8i@wp.com,Female,222.93.7.92,^$
308,Uta,McAuslene,umcauslene8j@digg.com,Female,144.121.142.223,^.
309,Lucho,Whifen,lwhifen8k@unblog.fr,Male,43.211.181.133,"
)([157])(495468)([]8[]
"
310,Rusty,Drummond,rdrummond8l@booking.com,Male,54.163.253.147,[.-]1
311,Peterus,Clubb,pclubb8m@senate.gov,Male,163.192.225.220,[.-]8$
312,Clementia,Jerwood,cjerwood8n@csmonitor.com,Female,176.101.203.18,"[.-]1"
313,Shannen,Kupec,skupec8o@fema.gov,Female,179.36.169.220,^.	
314,Roberto,Berecloth,rberecloth8p@bizjournals.com,Male,70.233.15.9,[.-]4.	
315,Nestor,Hulburd,nhulburd8q@bandcamp.com,Male,245.156.192.12,")([157])(568457)([]4[]."
316,Janie,Pitsall,jpitsall8r@hexun.com,Female,36.44.87.219,[.-]4$
317,Cassie,Shillum,cshillum8s@gmpg.org,Female,191.118.135.150,[.-]7.
318,Yardley,Chitham,ychitham8t@dell.com,Male,101.89.105.107,[.-]6$
319,Quinta,Leathers,qleathers8u@elegantthemes.com,Female,53.155.58.176,[.-]9$
320,Mag,Halstead,mhalstead8v@addtoany.com,Female,205.117.112.9,"[.-]2
"
321,Evaleen,Hollerin,ehollerin8w@infoseek.co.jp,Female,59.48.28.196,[.-]3.	
322,Ardyce,Tibbles,atibbles8x@salon.com,Female,166.113.213.240,[.-]5.	
323,Durant,Alderton,dalderton8y@earthlink.net,Male,70.2.202.13,[.-]5$
324,Cal,Filimore,cfilimore8z@about.com,Male,100.137.240.70,"
)([157])(709576)([]8[]."
325,Mozelle,Hendron,mhendron90@de.vu,Female,183.125.156.226,^.	
326,Rose,Kliment,rkliment91@soundcloud.com,Female,218.187.127.254,[.-]9
327,Olin,Scatchard,oscatchard92@adobe.com,Male,204.217.96.199,[.-]4.
328,Rhianon,Vodden,rvodden93@4shared.com,Female,169.89.112.230,"
)([157])(599989)([]0[]$"
329,Maisey,Raisbeck,mraisbeck94@ocn.ne.jp,Female,95.207.40.16,")([157])(677251)([]0[].	"
330,Phelia,Shakesbye,pshakesbye95@technorati.com,Female,250.74.212.252,"^
"
331,Phil,Espine,pespine96@psu.edu,Male,54.10.50.1,[.-]1.
332,Monte,Summerhayes,msummerhayes97@nydailynews.com,Male,203.156.203.175,"[.-]9
"
333,Bradney,Varne,bvarne98@ucsd.edu,Male,93.155.98.18,[.-]0.
334,Marjie,Pashley,mpashley99@51.la,Female,63.159.138.128,"[.-]4"
335,Rodrick,Scapens,rscapens9a@cnbc.com,Male,19.85.195.243,"[.-]1.
"
336,Dayna,Halegarth,dhalegarth9b@vk.com,Female,161.2.116.235,[.-]1.	
337,Benedict,Grigor,bgrigor9c@elegantthemes.com,Male,44.160.214.2,^.	
338,Alison,Shellcross,ashellcross9d@thetimes.co.uk,Female,203.36.152.45,")([157])(994680)([]1[]$"
339,Beverly,Imlin,bimlin9e@yellowpages.com,Female,70.57.166.41,"[.-]8"
340,Kin,Maciocia,kmaciocia9f@constantcontact.com,Male,145.65.127.242,[.-]5.	
341,Alverta,D'Errico,aderrico9g@washington.edu,Female,40.29.9.44,[.-]0
342,Lukas,Ghost,lghost9h@omniture.com,Male,150.177.219.132,^$
343,Delmer,Walshe,dwalshe9i@naver.com,Male,101.120.154.26,[.-]7	
344,Nathaniel,Daborne,ndaborne9j@de.vu,Male,10.16.86.142,"^"
345,Pippa,Pennuzzi,ppennuzzi9k@spiegel.de,Female,1.57.97.28,[.-]0
346,Cazzie,Elliman,celliman9l@rediff.com,Male,25.25.246.173,[.-]3.
347,Christi,Ponter,cponter9m@newyorker.com,Female,86.60.145.178,"
)([157])(436817)([]6[].	"
348,Dwain,Ruby,druby9n@purevolume.com,Male,172.192.81.21,"
)([157])(453344)([]7[]$"
349,Ginevra,Swinerd,gswinerd9o@hostgator.com,Female,45.88.21.77,[.-]8
350,Karlotta,Wadhams,kwadhams9p@moonfruit.com,Female,99.37.98.73,[.-]6	
351,Brander,Yanne,byanne9q@hud.gov,Male,129.89.7.30,"^.
"
352,Romola,Strothers,rstrothers9r@vistaprint.com,Female,215.114.141.115,[.-]2$
353,Zachery,Lingfoot,zlingfoot9s@myspace.com,Male,221.197.140.235,[.-]5$
354,Leanora,Loraine,lloraine9t@psu.edu,Female,156.37.105.64,[.-]7.	
355,Hort,Shelton,hshelton9u@blogs.com,Male,41.188.71.2,^.	
356,Elyssa,Basey,ebasey9v@blogspot.com,Female,150.196.15.210,"[.-]1.
"
357,Magdalena,Chaikovski,mchaikovski9w@nasa.gov,Female,190.177.180.31,	)([157])(511276)([]5[].
358,Rianon,Treppas,rtreppas9x@surveymonkey.com,Female,228.116.48.143,"[.-]1."
359,Fraze,Davydychev,fdavydychev9y@upenn.edu,Male,113.234.255.120,[.-]3.	
360,Noemi,Bemment,nbemment9z@is.gd,Female,218.120.173.101,[.-]3	
361,Keefer,Gallaher,kgallahera0@discuz.net,Male,156.92.16.54,"^"
362,Timothy,Steptowe,tsteptowea1@pcworld.com,Male,44.103.112.63,[.-]1.
363,Solomon,Noon,snoona2@huffingtonpost.com,Male,214.246.65.114,[.-]7$
364,Merridie,Basili,mbasilia3@pcworld.com,Female,139.98.71.29,"[.-]0.
"
365,Devin,Howieson,dhowiesona4@salon.com,Male,204.197.109.122,[.-]5$
366,Hinze,Curran,hcurrana5@java.com,Male,136.200.119.77,"[.-]6"
367,Gilligan,Faas,gfaasa6@squidoo.com,Female,255.171.189.176,[.-]1$
368,Poul,Radnedge,pradnedgea7@webs.com,Male,36.14.168.18,"[.-]1.
"
369,Tobiah,Hegden,thegdena8@ustream.tv,Male,62.70.236.238,"[.-]5."
370,Hershel,Diem,hdiema9@accuweather.com,Male,50.130.72.242,"[.-]4.
"
371,Lowe,Bowsher,lbowsheraa@geocities.jp,Male,168.135.7.49,"[.-]8."
372,Jacquenetta,Aisthorpe,jaisthorpeab@mapquest.com,Female,196.67.92.150,[.-]8$
373,Walsh,Ashwood,washwoodac@sphinn.com,Male,195.194.218.254,"[.-]0"
374,Broderic,Afield,bafieldad@go.com,Male,238.140.129.43,)([157])(708591)([]7[]$
375,Ronnie,Roussel,rrousselae@rakuten.co.jp,Female,42.148.14.156,[.-]2.
376,Lee,Sparey,lspareyaf@fc2.com,Female,38.67.140.200,)([157])(320538)([]1[]$
377,Susette,Quilkin,squilkinag@washingtonpost.com,Female,4.72.159.121,"[.-]8
"
378,Row,Leyson,rleysonah@google.com.br,Female,53.87.65.150,"[.-]6"
379,Alejandrina,Strike,astrikeai@salon.com,Female,33.241.38.135,)([157])(865158)([]8[]$
380,Sheila-kathryn,Hawkings,shawkingsaj@tripadvisor.com,Female,14.199.84.92,"
)([157])(166594)([]8[].	"
381,Ines,Beddoe,ibeddoeak@cloudflare.com,Female,19.37.9.110,"[.-]0.
"
382,Kylynn,Henryson,khenrysonal@nasa.gov,Female,231.127.216.41,[.-]0$
383,Granville,Methringham,gmethringhamam@zdnet.com,Male,219.102.96.69,")([157])(133475)([]0[]$"
384,Gerianne,Wyett,gwyettan@clickbank.net,Female,44.64.202.90,"
)([157])(348046)([]8[].	"
385,Austen,Rollo,arolloao@netvibes.com,Male,169.205.204.167,"
)([157])(868638)([]4[]$"
386,Rudolph,Padmore,rpadmoreap@whitehouse.gov,Male,14.11.62.221,")([157])(111115)([]1[]."
387,Dickie,Gyurkovics,dgyurkovicsaq@zimbio.com,Male,183.222.58.55,^.
388,Paxton,Civitillo,pcivitilloar@biglobe.ne.jp,Male,65.70.221.20,"[.-]5
"
389,Rodrigo,Haskey,rhaskeyas@comsenz.com,Male,115.85.215.80,^$
390,Donnell,Horrell,dhorrellat@seattletimes.com,Male,60.247.43.197,^.	
391,Melania,Soper,msoperau@trellian.com,Female,214.60.90.4,[.-]7.
392,Edita,Lortzing,elortzingav@phpbb.com,Female,62.251.16.182,[.-]8$
393,Ced,Gregory,cgregoryaw@google.com.au,Male,215.203.195.98,"^"
394,Glennie,Krolle,gkrolleax@acquirethisname.com,Female,174.228.136.234,^
395,Brigitta,Blencoe,bblencoeay@github.io,Female,147.1.178.15,"^."
396,Malva,Cranfield,mcranfieldaz@gov.uk,Female,91.65.80.9,[.-]7$
397,Allsun,Dayly,adaylyb0@epa.gov,Female,137.200.12.37,[.-]9$
398,Olva,Maruszewski,omaruszewskib1@amazon.co.uk,Female,166.178.56.115,[.-]0$
399,Bevan,Greim,bgreimb2@123-reg.co.uk,Male,14.192.86.141,"^."
400,Stuart,Prandy,sprandyb3@time.com,Male,83.2.33.184,"[.-]1
"
401,Zachariah,Aberkirder,zaberkirderb4@cnn.com,Male,29.146.13.116,"^"
402,Devland,Mayler,dmaylerb5@devhub.com,Male,157.180.253.73,"[.-]5
"
403,Desmond,Howles,dhowlesb6@yale.edu,Male,174.157.188.153,[.-]3.	
404,Oates,Suthren,osuthrenb7@odnoklassniki.ru,Male,82.134.15.151,"[.-]4"
405,Ronald,Kohrs,rkohrsb8@wunderground.com,Male,118.169.146.254,")([157])(583405)([]7[]."
406,Imogene,Steers,isteersb9@jalbum.net,Female,147.45.188.116,^.	
407,Siobhan,Jolliffe,sjolliffeba@auda.org.au,Female,121.177.37.227,[.-]8$
408,Tobe,Ramelet,trameletbb@mysql.com,Female,21.151.155.208,[.-]9$
409,Gracia,Reschke,greschkebc@moonfruit.com,Female,102.141.237.244,^$
410,Raimundo,Linsey,rlinseybd@wikipedia.org,Male,73.14.86.153,")([157])(470775)([]2[]
"
411,Aline,Zink,azinkbe@umn.edu,Female,146.115.61.89,")([157])(583497)([]7[]	"
412,Nada,Bugge,nbuggebf@so-net.ne.jp,Female,15.156.192.91,"[.-]0"
413,Dirk,Olle,dollebg@ocn.ne.jp,Male,121.110.96.102,"
)([157])(222472)([]3[]."
414,Gray,Donnan,gdonnanbh@state.tx.us,Female,79.30.183.113,"^."
415,Lorenza,Braybrooke,lbraybrookebi@istockphoto.com,Female,153.172.194.237,"^.
"
416,Hermy,Rowley,hrowleybj@whitehouse.gov,Male,196.223.219.95,[.-]1.	
417,Tonye,Moppett,tmoppettbk@topsy.com,Female,105.147.162.121,[.-]5	
418,Melita,Tomadoni,mtomadonibl@mit.edu,Female,252.150.177.156,"[.-]0.
"
419,Shelby,Limeburner,slimeburnerbm@canalblog.com,Male,117.98.22.52,)([157])(881460)([]8[]$
420,Amalle,Stephens,astephensbn@mail.ru,Female,172.36.95.199,"
)([157])(303904)([]2[]"
421,Lisetta,Ramos,lramosbo@upenn.edu,Female,42.74.214.202,"
)([157])(120357)([]1[]."
422,Bab,Caldroni,bcaldronibp@ox.ac.uk,Female,241.136.136.24,"[.-]6."
423,Mathe,Hegerty,mhegertybq@paginegialle.it,Male,84.197.53.2,^.
424,Jae,Waddam,jwaddambr@prweb.com,Male,20.87.143.212,^$
425,Allister,Sculpher,asculpherbs@zimbio.com,Male,139.255.246.56,[.-]1$
426,Giusto,Cloutt,gclouttbt@sciencedirect.com,Male,241.76.233.116,"^"
427,Beale,Carnoghan,bcarnoghanbu@adobe.com,Male,223.59.243.173,[.-]9.
428,Jemmy,Bennis,jbennisbv@reference.com,Female,72.222.144.225,"[.-]3.
"
429,Leesa,Blazynski,lblazynskibw@ezinearticles.com,Female,43.61.1.223,"[.-]4."
430,Vladimir,Praundl,vpraundlbx@ehow.com,Male,38.220.38.41,"^.
"
431,Pernell,D'Elia,pdeliaby@dion.ne.jp,Male,157.115.0.31,[.-]7$
432,Silvia,Garces,sgarcesbz@twitpic.com,Female,141.234.165.146,"[.-]0."
433,Wenona,Prattin,wprattinc0@freewebs.com,Female,72.71.39.44,"	)([157])(941691)([]6[]."
434,Caspar,Ciotti,cciottic1@rakuten.co.jp,Male,139.251.214.71,)([157])(626362)([]1[]$
435,Ezequiel,Naris,enarisc2@google.ru,Male,8.143.108.188,"[.-]3"
436,Ely,Hedden,eheddenc3@exblog.jp,Male,111.241.174.237,")([157])(279891)([]9[].
"
437,Garrik,Cudmore,gcudmorec4@xrea.com,Male,50.37.6.241,[.-]9$
438,Justen,Djakovic,jdjakovicc5@nymag.com,Male,124.24.212.212,"
)([157])(175815)([]8[]$"
439,Ana,Delacroix,adelacroixc6@myspace.com,Female,102.126.215.133,[.-]9.
440,Dacy,Asplin,dasplinc7@ihg.com,Female,39.168.130.202,[.-]3	
441,Alair,Drewitt,adrewittc8@friendfeed.com,Male,123.113.184.140,[.-]7.
442,Rosita,Pymm,rpymmc9@skype.com,Female,151.234.32.143,^
443,Brion,Byrom,bbyromca@patch.com,Male,174.10.252.126,"^.
"
444,Quinn,Andrault,qandraultcb@wisc.edu,Female,54.205.63.55,"^."
445,Victoir,Girdler,vgirdlercc@deliciousdays.com,Male,103.97.193.135,^.	
446,Vasilis,Doles,vdolescd@instagram.com,Male,4.74.88.226,"[.-]5."
447,Marijo,Rubinow,mrubinowce@toplist.cz,Female,7.250.251.170,[.-]4.
448,Priscella,Glassard,pglassardcf@homestead.com,Female,10.213.108.236,	)([157])(587927)([]3[].	
449,Payton,Creelman,pcreelmancg@webeden.co.uk,Male,128.65.28.191,"[.-]0"
450,Natala,Marvelley,nmarvelleych@comsenz.com,Female,180.224.173.169,[.-]6	
451,Robers,Yeandel,ryeandelci@people.com.cn,Male,173.108.36.127,")([157])(516080)([]4[]."
452,Orson,Heilds,oheildscj@ft.com,Male,160.5.9.71,[.-]1.
453,Florri,Kemet,fkemetck@dyndns.org,Female,13.206.1.76,"^.
"
454,Glory,Twine,gtwinecl@forbes.com,Female,19.189.143.30,")([157])(863167)([]8[]	"
455,Donnamarie,Hadeke,dhadekecm@wordpress.org,Female,145.221.191.166,")([157])(400943)([]8[]"
456,Pauly,Ellerker,pellerkercn@slashdot.org,Male,18.224.239.228,^$
457,Morey,Alpes,malpesco@disqus.com,Male,20.217.73.66,")([157])(008974)([]2[]."
458,Idelle,McKeveney,imckeveneycp@sfgate.com,Female,32.205.20.158,"[.-]7.
"
459,Hilarius,Grose,hgrosecq@microsoft.com,Male,97.175.214.167,"[.-]8"
460,Rubia,McEachern,rmceacherncr@netvibes.com,Female,84.231.185.9,[.-]6.	
461,Penrod,Sambrook,psambrookcs@spiegel.de,Male,131.199.228.187,^
462,Marin,Boar,mboarct@kickstarter.com,Female,173.181.15.159,"[.-]9
"
463,Lethia,Steger,lstegercu@networksolutions.com,Female,239.142.35.221,"[.-]1
"
464,Noland,Gamage,ngamagecv@imageshack.us,Male,51.31.72.98,[.-]3$
465,Kath,Rowan,krowancw@techcrunch.com,Female,156.38.196.38,^.
466,Karlis,Wimlet,kwimletcx@yale.edu,Male,53.236.225.154,[.-]2$
467,Claudell,Hayball,chayballcy@hatena.ne.jp,Male,13.207.115.211,"[.-]7
"
468,Adore,Slowan,aslowancz@istockphoto.com,Female,75.71.111.87,"^.
"
469,Gerard,Reuss,greussd0@bigcartel.com,Male,244.22.181.128,[.-]2
470,Ardine,Mixture,amixtured1@paginegialle.it,Female,59.172.99.199,^$
471,Sabrina,Willas,swillasd2@yahoo.com,Female,50.248.150.144,[.-]9.
472,Shalom,Tromans,stromansd3@vk.com,Male,60.163.140.209,"[.-]3."
473,Glori,Dicey,gdiceyd4@twitter.com,Female,107.185.200.180,[.-]1.	
474,Reggie,Tofts,rtoftsd5@tumblr.com,Male,116.238.113.69,"^.
"
475,Delaney,Meads,dmeadsd6@aboutads.info,Male,223.245.79.182,"^.
"
476,Diena,Gadman,dgadmand7@issuu.com,Female,221.182.22.194,")([157])(002102)([]8[]
"
477,Rhody,Andren,randrend8@bbc.co.uk,Female,149.180.60.178,[.-]1
478,Kary,Geraghty,kgeraghtyd9@w3.org,Female,124.142.247.102,"
)([157])(283892)([]9[]$"
479,Shelly,Dorkens,sdorkensda@google.com,Female,135.46.52.76,^$
480,Osborne,Setterington,osetteringtondb@prlog.org,Male,52.111.251.18,[.-]2$
481,Leonie,Petrello,lpetrellodc@google.de,Female,255.229.215.122,[.-]6.	
482,Clarance,Rutter,crutterdd@mac.com,Male,205.98.139.5,^$
483,Olenka,Fleisch,ofleischde@skype.com,Female,229.224.206.67,[.-]6.
484,Lanae,Banck,lbanckdf@instagram.com,Female,160.207.200.250,[.-]3.	
485,Neale,Vedyasov,nvedyasovdg@vkontakte.ru,Male,198.170.2.196,^$
486,Elwood,Beckitt,ebeckittdh@reverbnation.com,Male,36.213.134.185,"[.-]5.
"
487,Vittorio,Vanyatin,vvanyatindi@discovery.com,Male,219.140.52.245,")([157])(178875)([]2[]"
488,Chad,Kinastan,ckinastandj@answers.com,Female,227.16.30.226,[.-]6.	
489,Wileen,Ostrich,wostrichdk@amazon.co.uk,Female,222.163.224.34,[.-]8.
490,Shaylyn,Gors,sgorsdl@w3.org,Female,165.41.83.55,"[.-]9.
"
491,Kissie,Barnaby,kbarnabydm@theatlantic.com,Female,59.196.131.81,^$
492,Krysta,Bevington,kbevingtondn@google.co.jp,Female,89.139.13.82,^$
493,Bay,Baudin,bbaudindo@blogs.com,Male,46.108.246.50,"	)([157])(131570)([]7[].
"
494,Welch,Mirrlees,wmirrleesdp@hc360.com,Male,160.255.63.115,[.-]6.
495,Mona,Medland,mmedlanddq@examiner.com,Female,16.50.41.13,"
)([157])(387866)([]9[]$"
496,Ricki,Occleshaw,roccleshawdr@reference.com,Female,45.232.206.150,[.-]7.
497,Whitby,Vowells,wvowellsds@dropbox.com,Male,2.163.121.34,"
)([157])(701684)([]5[]"
498,Lovell,Erskine Sandys,lerskinesandysdt@nytimes.com,Male,60.205.205.234,"	)([157])(811070)([]0[]"
499,Kristin,Stainton,kstaintondu@cdc.gov,Female,254.237.160.108,"[.-]0.
"
500,Melisandra,Streets,mstreetsdv@google.co.uk,Female,115.197.56.200,"[.-]6."
501,Robby,Willars,rwillarsdw@ow.ly,Female,218.147.38.202,^$
502,Berrie,Cruddas,bcruddasdx@redcross.org,Female,85.29.93.223,^$
503,Louise,O'Spellissey,lospellisseydy@ovh.net,Female,62.201.113.227,")([157])(984512)([]2[]	"
504,Aymer,Veljes,aveljesdz@chicagotribune.com,Male,200.185.37.147,[.-]4$
505,Billie,Ziems,bziemse0@dropbox.com,Male,96.115.126.84,)([157])(288359)([]2[]
506,Amabel,Kitcherside,akitchersidee1@jalbum.net,Female,185.215.128.88,"[.-]1."
507,Reynold,Souter,rsoutere2@storify.com,Male,255.78.216.244,	)([157])(948927)([]9[]$
508,Doyle,Cratere,dcrateree3@theatlantic.com,Male,1.118.6.63,^	
509,Nikki,Brewitt,nbrewitte4@clickbank.net,Male,228.2.131.206,[.-]9$
510,Carolee,Scahill,cscahille5@shinystat.com,Female,239.164.234.239,[.-]2.	
511,Crystal,Doblin,cdobline6@noaa.gov,Female,252.190.120.36,	)([157])(199146)([]4[].
512,Brian,Gadson,bgadsone7@addthis.com,Male,147.82.202.212,"[.-]6."
513,Kellyann,Symcock,ksymcocke8@kickstarter.com,Female,77.228.90.119,"^."
514,Jayne,Bootes,jbootese9@hp.com,Female,68.184.3.149,"	)([157])(449209)([]1[]"
515,Jakie,Brewitt,jbrewittea@rakuten.co.jp,Male,147.26.135.26,"[.-]4."
516,Helga,McIlwrick,hmcilwrickeb@multiply.com,Female,214.232.107.135,[.-]4.	
517,Lynnell,Delves,ldelvesec@tinyurl.com,Female,121.223.23.233,[.-]5$
518,Manuel,Enright,menrighted@infoseek.co.jp,Male,128.188.152.77,"[.-]4"
519,Skelly,Bukac,sbukacee@msu.edu,Male,144.117.147.96,"	)([157])(757486)([]8[]."
520,Krisha,Skippings,kskippingsef@i2i.jp,Male,155.25.179.155,"[.-]2.
"
521,Ronnie,Werrilow,rwerriloweg@google.de,Female,17.159.79.101,"^."
522,Sunny,Talton,staltoneh@webs.com,Male,137.124.218.196,"^.
"
523,Meaghan,Janton,mjantonei@lycos.com,Female,118.37.64.144,"[.-]7"
524,Martguerita,Skaife,mskaifeej@bbb.org,Female,215.208.206.80,")([157])(638208)([]8[]."
525,Marne,Rikard,mrikardek@ftc.gov,Female,160.4.235.154,^.
526,Adriano,Stedall,astedallel@msn.com,Male,45.90.234.64,)([157])(090229)([]0[]	
527,Sergei,Corradetti,scorradettiem@cyberchimps.com,Male,89.43.3.163,^$
528,Jsandye,Burdus,jburdusen@cisco.com,Female,186.221.127.34,"[.-]6.
"
529,Cassie,Scrowson,cscrowsoneo@lulu.com,Female,102.71.184.168,[.-]8	
530,Charissa,Fortin,cfortinep@issuu.com,Female,9.190.52.65,[.-]4$
531,Peter,Drennan,pdrennaneq@webmd.com,Male,99.4.223.162,	)([157])(628469)([]0[].
532,Fredra,Starzaker,fstarzakerer@moonfruit.com,Female,190.33.166.231,"
)([157])(213705)([]1[]."
533,Nester,Chetham,nchethames@weather.com,Male,236.37.180.238,"
)([157])(713396)([]4[]"
534,Ole,Pittson,opittsonet@baidu.com,Male,127.163.105.196,")([157])(353600)([]8[].
"
535,Benny,Souster,bsoustereu@fastcompany.com,Male,217.210.202.50,[.-]7.	
536,Tobiah,Inderwick,tinderwickev@abc.net.au,Male,120.221.255.14,[.-]9$
537,Kaela,Colledge,kcolledgeew@cmu.edu,Female,2.112.65.158,"^.
"
538,Shaylynn,Batchley,sbatchleyex@flickr.com,Female,239.183.139.244,"^.
"
539,Merwin,De Blase,mdeblaseey@etsy.com,Male,181.204.125.67,[.-]4$
540,Huntington,Dahlback,hdahlbackez@princeton.edu,Male,187.166.111.83,"
)([157])(737570)([]0[]$"
541,James,Trudgian,jtrudgianf0@theguardian.com,Male,37.240.36.239,[.-]3$
542,Sherwynd,Fay,sfayf1@mail.ru,Male,175.12.108.58,[.-]3.	
543,Edan,Gut,egutf2@youtu.be,Male,70.74.123.247,[.-]3.	
544,Cly,Taffie,ctaffief3@w3.org,Male,64.144.65.195,[.-]6$
545,Richy,Loraine,rlorainef4@spiegel.de,Male,70.160.130.125,^
546,Cody,Durnill,cdurnillf5@tinyurl.com,Male,167.160.179.135,"^"
547,Muffin,Yorkston,myorkstonf6@imgur.com,Male,92.240.141.232,^$
548,Alick,Rojahn,arojahnf7@domainmarket.com,Male,26.185.15.178,"
)([157])(909648)([]9[]."
549,Tyrone,Silversmidt,tsilversmidtf8@1und1.de,Male,111.50.197.115,"^"
550,Allina,Fritche,afritchef9@ucoz.com,Female,36.36.138.173,")([157])(762808)([]8[]	"
551,Amie,Swannack,aswannackfa@ebay.com,Female,40.209.230.158,[.-]0.	
552,Donaugh,Tether,dtetherfb@un.org,Male,20.211.232.154,")([157])(838660)([]5[]."
553,Devin,Veltmann,dveltmannfc@gizmodo.com,Male,132.227.235.255,[.-]8$
554,Hatty,MacUchadair,hmacuchadairfd@creativecommons.org,Female,25.33.46.191,[.-]9$
555,Muire,Jennaway,mjennawayfe@linkedin.com,Female,88.91.78.84,"[.-]7."
556,Michaelina,Nassy,mnassyff@noaa.gov,Female,85.202.249.72,[.-]9.	
557,Hillery,Amor,hamorfg@sogou.com,Male,62.197.254.148,[.-]4$
558,Brittne,Quincee,bquinceefh@geocities.com,Female,113.20.228.80,[.-]8$
559,Lana,Ladloe,lladloefi@sitemeter.com,Female,225.190.17.201,"
)([157])(572741)([]1[].	"
560,Daffy,Audus,daudusfj@infoseek.co.jp,Female,59.87.72.95,[.-]3$
561,Adelind,Rosenshine,arosenshinefk@washingtonpost.com,Female,83.221.107.2,"[.-]1.
"
562,Frieda,Burgwyn,fburgwynfl@furl.net,Female,168.75.221.247,"
)([157])(761588)([]1[]"
563,Clara,Bottomley,cbottomleyfm@free.fr,Female,170.73.114.48,^$
564,Arron,Huckleby,ahucklebyfn@discovery.com,Male,35.64.16.203,"^."
565,Jobey,Budd,jbuddfo@apple.com,Female,160.56.76.77,[.-]9.
566,Aldus,Khristoforov,akhristoforovfp@jimdo.com,Male,154.88.136.0,[.-]2
567,Raymund,Bartosik,rbartosikfq@imdb.com,Male,83.161.115.106,"[.-]4."
568,Merilyn,Jemmison,mjemmisonfr@miibeian.gov.cn,Female,65.156.28.6,^$
569,Codie,Britten,cbrittenfs@multiply.com,Female,97.41.184.96,[.-]9$
570,Alf,Gentric,agentricft@flickr.com,Male,229.89.99.32,")([157])(219539)([]0[]
"
571,Trefor,Kitchin,tkitchinfu@jalbum.net,Male,32.147.76.96,"[.-]3.
"
572,Othilie,Hawthorne,ohawthornefv@smh.com.au,Female,39.71.234.82,^$
573,Giavani,Ecclestone,gecclestonefw@hao123.com,Male,85.76.146.182,"^."
574,Gan,Germon,ggermonfx@comcast.net,Male,23.166.3.217,")([157])(734834)([]8[]."
575,Flory,Sreenan,fsreenanfy@mayoclinic.com,Female,191.142.219.253,"[.-]5.
"
576,Chev,Parr,cparrfz@examiner.com,Male,80.193.172.114,")([157])(628165)([]8[]"
577,Clo,Swalwell,cswalwellg0@illinois.edu,Female,96.19.203.70,)([157])(386748)([]3[].	
578,Wally,Wrettum,wwrettumg1@jimdo.com,Female,222.96.130.85,"^."
579,Analise,Brombell,abrombellg2@parallels.com,Female,142.205.205.165,^
580,Sloan,Guerra,sguerrag3@freewebs.com,Male,178.175.124.219,[.-]2
581,Ellery,O'Deegan,eodeegang4@mac.com,Male,233.130.244.251,^$
582,Dominga,Castells,dcastellsg5@t.co,Female,14.192.5.178,"
)([157])(945547)([]0[]."
583,Arthur,Fawke,afawkeg6@ebay.co.uk,Male,17.77.42.191,[.-]4	
584,Kliment,Gres,kgresg7@spiegel.de,Male,1.224.216.83,")([157])(533666)([]0[]."
585,Mordy,Talby,mtalbyg8@huffingtonpost.com,Male,110.142.84.79,[.-]0	
586,Teresina,Becker,tbeckerg9@stumbleupon.com,Female,144.82.161.19,"[.-]4.
"
587,Gilberta,Wiffen,gwiffenga@jiathis.com,Female,152.202.52.47,"[.-]3."
588,Brendis,Sail,bsailgb@moonfruit.com,Male,215.100.69.86,[.-]1$
589,Goober,Girth,ggirthgc@slideshare.net,Male,76.103.1.222,"
)([157])(760979)([]3[]$"
590,Marlin,Tyrone,mtyronegd@paypal.com,Male,194.161.135.2,"[.-]0.
"
591,Hilliary,Pennycock,hpennycockge@sitemeter.com,Female,92.207.1.10,"	)([157])(206150)([]8[]"
592,Fletcher,Gauch,fgauchgf@godaddy.com,Male,76.112.129.108,"[.-]9."
593,Tabby,Ruberry,truberrygg@dot.gov,Male,224.48.84.124,[.-]6.	
594,Gwyn,Linwood,glinwoodgh@ebay.com,Female,139.228.231.36,^.	
595,Sawyer,Erdis,serdisgi@slate.com,Male,252.22.233.140,[.-]6.	
596,Lorena,Vink,lvinkgj@mtv.com,Female,152.141.47.132,"^."
597,Brittaney,Tixier,btixiergk@hibu.com,Female,28.70.49.17,"[.-]4."
598,Randall,Mays,rmaysgl@un.org,Male,42.240.89.239,)([157])(324267)([]6[]$
599,Wang,McGirl,wmcgirlgm@shareasale.com,Male,240.52.196.69,[.-]3$
600,Elinor,Harpin,eharpingn@oracle.com,Female,205.130.66.159,	)([157])(983551)([]6[]$
601,Iorgos,Kann,ikanngo@spotify.com,Male,70.210.53.50,^.
602,Sonja,Siverns,ssivernsgp@freewebs.com,Female,120.164.193.37,[.-]9.
603,Malinde,Greensitt,mgreensittgq@princeton.edu,Female,73.213.45.54,"^.
"
604,Clywd,Galego,cgalegogr@webmd.com,Male,67.174.84.194,"^."
605,Frasquito,Ivakhno,fivakhnogs@facebook.com,Male,185.145.17.207,"
)([157])(591368)([]6[]."
606,Emile,Flemmich,eflemmichgt@vkontakte.ru,Male,29.173.167.64,"^"
607,Antonetta,Huffadine,ahuffadinegu@1und1.de,Female,121.253.15.237,^$
608,Brinna,Grut,bgrutgv@blogtalkradio.com,Female,33.109.160.110,"[.-]2.
"
609,Vikki,MacGuigan,vmacguigangw@histats.com,Female,44.220.29.14,[.-]1
610,Milka,Skey,mskeygx@behance.net,Female,144.3.81.184,[.-]6.
611,Becki,Cushion,bcushiongy@columbia.edu,Female,16.178.201.234,"^
"
612,Madelene,MacArdle,mmacardlegz@dagondesign.com,Female,251.74.102.170,"[.-]6.
"
613,Sheppard,Knowller,sknowllerh0@flavors.me,Male,239.14.165.65,^$
614,Teodora,Krzysztof,tkrzysztofh1@xinhuanet.com,Female,250.235.235.50,"
)([157])(687104)([]6[]."
615,Rickey,Huyche,rhuycheh2@mlb.com,Male,246.56.210.216,[.-]3
616,Petronilla,Bousfield,pbousfieldh3@free.fr,Female,83.28.114.120,"[.-]1
"
617,Goran,Kayne,gkayneh4@usda.gov,Male,48.235.45.247,")([157])(082387)([]0[]$"
618,Myles,Catchpole,mcatchpoleh5@mayoclinic.com,Male,162.46.51.150,"[.-]3."
619,Claire,Seally,cseallyh6@edublogs.org,Female,131.223.190.165,[.-]0.	
620,Carrissa,Meharg,cmehargh7@washingtonpost.com,Female,249.218.195.89,[.-]2.	
621,Hymie,Scargill,hscargillh8@oakley.com,Male,108.119.181.125,"[.-]0."
622,Hamilton,Jacques,hjacquesh9@nih.gov,Male,90.195.96.147,")([157])(519687)([]8[]."
623,Mariam,Haggard,mhaggardha@usda.gov,Female,4.152.217.100,[.-]7$
624,Skyler,Littlejohn,slittlejohnhb@uiuc.edu,Male,148.197.166.142,"^."
625,Mallory,Franz-Schoninger,mfranzschoningerhc@marketwatch.com,Male,109.95.53.76,"	)([157])(667796)([]8[].
"
626,Patti,Seely,pseelyhd@cocolog-nifty.com,Female,151.222.33.206,"[.-]1
"
627,Sutherland,Seymour,sseymourhe@elpais.com,Male,253.73.142.88,"[.-]1.
"
628,Obed,Dugget,oduggethf@nature.com,Male,65.18.201.14,[.-]9.
629,Vaughan,Skey,vskeyhg@columbia.edu,Male,67.47.153.43,"^."
630,Byrom,Cabbell,bcabbellhh@cpanel.net,Male,35.54.35.99,	)([157])(002342)([]7[].
631,Hersch,Samuel,hsamuelhi@cisco.com,Male,194.167.199.14,"
)([157])(164380)([]9[]."
632,Petrina,Domegan,pdomeganhj@linkedin.com,Female,39.210.206.182,^$
633,Tim,Flanders,tflandershk@typepad.com,Male,27.192.114.165,"^."
634,Carlin,Daborn,cdabornhl@ifeng.com,Male,132.81.58.139,[.-]0$
635,Nicolis,Finlry,nfinlryhm@etsy.com,Male,201.153.143.218,^.
636,Perri,MacCallam,pmaccallamhn@godaddy.com,Female,116.81.157.184,"[.-]5."
637,Suzette,Fahy,sfahyho@blinklist.com,Female,196.212.106.207,"[.-]1"
638,Bernardina,Ruckman,bruckmanhp@unicef.org,Female,80.101.191.224,"
)([157])(944327)([]5[].
"
639,Ludwig,Faltin,lfaltinhq@google.com.au,Male,232.84.231.44,[.-]0$
640,Kellina,McSparran,kmcsparranhr@noaa.gov,Female,216.183.251.232,"^.
"
641,Gloriana,Calcutt,gcalcutths@wufoo.com,Female,92.97.51.77,")([157])(089795)([]9[]."
642,Sauveur,Collihole,scolliholeht@ebay.com,Male,115.195.98.218,^$
643,Rollie,Shankland,rshanklandhu@reuters.com,Male,221.91.55.137,[.-]5.	
644,Matilda,Guyon,mguyonhv@de.vu,Female,30.190.223.20,"
)([157])(584898)([]4[]$"
645,Ainslie,Kilty,akiltyhw@nationalgeographic.com,Female,51.159.144.85,^	
646,Lorant,Spoole,lspoolehx@house.gov,Male,134.229.181.146,[.-]9$
647,Donetta,McMearty,dmcmeartyhy@home.pl,Female,193.158.122.84,^.
648,Carlo,Meddows,cmeddowshz@hc360.com,Male,148.53.47.91,"[.-]7."
649,Talbert,Casbolt,tcasbolti0@ehow.com,Male,207.181.142.68,[.-]4.
650,Dreddy,Alebrooke,dalebrookei1@about.me,Female,89.0.85.56,[.-]1.	
651,Ilaire,Arrandale,iarrandalei2@independent.co.uk,Male,231.160.176.11,)([157])(622404)([]7[]$
652,Nevile,Keast,nkeasti3@cocolog-nifty.com,Male,223.225.95.54,^
653,Hastings,Colebourne,hcolebournei4@nymag.com,Male,145.12.142.253,"
)([157])(032203)([]9[]$"
654,Ambros,Reading,areadingi5@friendfeed.com,Male,86.139.71.159,[.-]3.	
655,Roselin,Butterfield,rbutterfieldi6@yelp.com,Female,37.193.236.115,"^.
"
656,Maris,Francioli,mfranciolii7@fc2.com,Female,178.61.195.195,[.-]4$
657,Annalee,Clerc,aclerci8@creativecommons.org,Female,209.118.64.117,[.-]0$
658,Cristy,Presshaugh,cpresshaughi9@hud.gov,Female,31.117.171.189,"[.-]8
"
659,Kyle,Labon,klabonia@de.vu,Male,79.223.159.46,")([157])(905582)([]8[]."
660,Odilia,Arendt,oarendtib@utexas.edu,Female,248.184.88.146,[.-]4	
661,Forbes,Philippou,fphilippouic@ebay.co.uk,Male,147.120.138.152,[.-]9.	
662,Noak,Triplet,ntripletid@mlb.com,Male,225.1.163.25,"	)([157])(898252)([]8[]."
663,Travus,Ruos,truosie@constantcontact.com,Male,248.46.73.208,[.-]9.	
664,Gerta,Piscopo,gpiscopoif@xinhuanet.com,Female,24.254.128.2,	)([157])(364546)([]4[].
665,Bernita,Iwaszkiewicz,biwaszkiewiczig@altervista.org,Female,43.241.192.181,"
)([157])(311145)([]7[].	"
666,Randal,Tort,rtortih@reference.com,Male,7.23.49.107,	)([157])(567507)([]5[]$
667,Ivette,Antosch,iantoschii@xing.com,Female,0.249.225.46,"^."
668,Shaun,Housiaux,shousiauxij@soundcloud.com,Male,247.232.251.32,^$
669,Frank,Chadbourn,fchadbournik@linkedin.com,Male,182.3.19.79,"^."
670,Kaye,Reisk,kreiskil@friendfeed.com,Female,57.69.32.198,"[.-]9.
"
671,Sayers,Lamprecht,slamprechtim@amazon.co.jp,Male,100.201.25.26,[.-]9.	
672,Sybilla,Gayter,sgayterin@economist.com,Female,179.99.131.54,^$
673,Millicent,Eouzan,meouzanio@odnoklassniki.ru,Female,186.251.186.206,"[.-]2
"
674,Farah,Djurisic,fdjurisicip@list-manage.com,Female,9.227.52.119,")([157])(298841)([]3[]$"
675,Reider,Wooffinden,rwooffindeniq@china.com.cn,Male,189.65.81.159,")([157])(229235)([]3[]	"
676,Parker,Dog,pdogir@ycombinator.com,Male,234.80.22.38,")([157])(945233)([]1[].	"
677,Harlie,covino,hcovinois@google.de,Female,242.179.232.169,"[.-]6.
"
678,Lamont,Fawkes,lfawkesit@people.com.cn,Male,70.185.128.44,[.-]3$
679,Troy,Burgoin,tburgoiniu@cnbc.com,Male,41.26.179.83,[.-]2$
680,Addy,Maus,amausiv@google.pl,Female,205.51.74.16,"[.-]4"
681,Cecil,Eddow,ceddowiw@businesswire.com,Male,96.167.239.66,"[.-]5."
682,Lorette,Rollings,lrollingsix@woothemes.com,Female,106.213.151.183,^$
683,Flemming,Daniau,fdaniauiy@chronoengine.com,Male,86.233.205.156,[.-]8.
684,Norton,Chatel,nchateliz@taobao.com,Male,169.248.1.31,"
)([157])(020881)([]6[]"
685,Glynnis,Castelot,gcastelotj0@typepad.com,Female,49.124.20.240,[.-]4.	
686,Dermot,Frood,dfroodj1@tmall.com,Male,219.58.22.169,"
)([157])(138212)([]5[].
"
687,Hermon,MacGarrity,hmacgarrityj2@nih.gov,Male,105.152.53.160,[.-]3$
688,Angele,Calbrathe,acalbrathej3@hibu.com,Female,117.144.6.150,[.-]8.
689,Astrid,Wasbrough,awasbroughj4@tmall.com,Female,139.181.57.6,[.-]8$
690,Carlota,Jindracek,cjindracekj5@cam.ac.uk,Female,185.3.1.148,[.-]6.	
691,Shanda,Mole,smolej6@networkadvertising.org,Female,143.89.251.9,^.	
692,Cinnamon,Wattingham,cwattinghamj7@berkeley.edu,Female,8.144.252.251,[.-]0
693,Nickie,Groocock,ngroocockj8@nature.com,Female,206.161.61.255,[.-]2
694,Diena,Pasmore,dpasmorej9@elpais.com,Female,137.86.53.74,[.-]5.
695,Frederick,Grichukhanov,fgrichukhanovja@un.org,Male,252.142.56.86,"
)([157])(453141)([]3[]
"
696,D'arcy,Fugere,dfugerejb@altervista.org,Male,218.150.125.122,"^"
697,Halette,Fundell,hfundelljc@comsenz.com,Female,233.254.175.251,"[.-]9.
"
698,Aviva,Utting,auttingjd@weebly.com,Female,114.124.159.159,[.-]1$
699,Stearne,Heakey,sheakeyje@4shared.com,Male,208.76.243.212,"[.-]3.
"
700,Tandie,Inworth,tinworthjf@nymag.com,Female,88.170.39.243,^.	
701,Harriott,Lamborn,hlambornjg@pbs.org,Female,250.20.135.108,)([157])(721339)([]1[]$
702,Dillie,Locarno,dlocarnojh@gravatar.com,Male,114.143.180.74,[.-]2.	
703,Joete,Cholmondeley,jcholmondeleyji@sbwire.com,Female,110.185.211.202,"^."
704,Maye,Blanckley,mblanckleyjj@joomla.org,Female,46.237.199.14,")([157])(809679)([]3[]."
705,Ola,McBay,omcbayjk@infoseek.co.jp,Female,191.241.164.226,")([157])(965839)([]6[]."
706,Zandra,Style,zstylejl@nbcnews.com,Female,73.251.130.7,"^.
"
707,Dolly,Bartholomieu,dbartholomieujm@digg.com,Female,162.65.197.54,	)([157])(795023)([]4[]$
708,Salomon,Polley,spolleyjn@ezinearticles.com,Male,153.79.226.41,"^"
709,Susi,Katz,skatzjo@artisteer.com,Female,56.225.64.241,"
)([157])(613521)([]7[]"
710,Moyna,Kineton,mkinetonjp@woothemes.com,Female,219.241.218.208,")([157])(622179)([]0[].
"
711,Halli,Eveque,hevequejq@vistaprint.com,Female,145.24.188.226,"
)([157])(544310)([]4[].
"
712,Kelley,Sarch,ksarchjr@nymag.com,Female,254.13.116.35,"
)([157])(494676)([]2[].
"
713,Dannye,Keese,dkeesejs@si.edu,Female,178.41.23.232,"^
"
714,Ynez,Reboulet,yrebouletjt@artisteer.com,Female,6.118.130.90,[.-]3
715,Ashlin,Shorie,ashorieju@taobao.com,Male,160.162.184.105,	)([157])(809474)([]6[]$
716,Reggy,Fever,rfeverjv@skype.com,Male,80.0.165.156,"[.-]7."
717,Sherman,Gubbin,sgubbinjw@smh.com.au,Male,168.147.196.126,"[.-]0
"
718,Mikkel,Rowen,mrowenjx@wikia.com,Male,126.150.42.19,"^"
719,Jean,Bilfoot,jbilfootjy@mediafire.com,Male,118.234.32.111,[.-]1
720,Clint,Coverlyn,ccoverlynjz@quantcast.com,Male,177.74.63.196,^$
721,Deny,Feely,dfeelyk0@csmonitor.com,Female,145.108.46.18,"[.-]1.
"
722,Nicolas,Tillerton,ntillertonk1@nasa.gov,Male,222.169.95.118,"	)([157])(146736)([]8[].
"
723,Kay,Rangall,krangallk2@webs.com,Female,6.0.134.144,"^"
724,Fraser,MacNamee,fmacnameek3@issuu.com,Male,197.200.210.191,")([157])(389329)([]6[]$"
725,Damien,Merritt,dmerrittk4@java.com,Male,124.154.154.14,[.-]8$
726,Barn,Henner,bhennerk5@patch.com,Male,227.224.194.82,"[.-]5."
727,Lindsey,Shropsheir,lshropsheirk6@miitbeian.gov.cn,Female,37.136.129.242,"^"
728,Zechariah,Kinny,zkinnyk7@ycombinator.com,Male,249.222.248.120,"	)([157])(927102)([]5[]."
729,Scotty,Nolan,snolank8@ovh.net,Male,148.147.136.60,[.-]0.
730,Nolan,Itzkov,nitzkovk9@chronoengine.com,Male,92.36.58.100,^$
731,Fax,Frier,ffrierka@wunderground.com,Male,147.51.160.245,[.-]3$
732,Hilda,Mottram,hmottramkb@webeden.co.uk,Female,214.226.135.55,^
733,Sammy,Lissemore,slissemorekc@discovery.com,Male,11.16.181.197,[.-]1.
734,Andris,Cranmore,acranmorekd@digg.com,Male,37.106.162.81,^$
735,Syman,Tregunna,stregunnake@sbwire.com,Male,171.172.225.117,^$
736,Tedman,Zorzin,tzorzinkf@soundcloud.com,Male,57.114.71.243,"[.-]4.
"
737,Clarance,O' Mulderrig,comulderrigkg@utexas.edu,Male,31.103.3.14,"^.
"
738,Amber,Kyngdon,akyngdonkh@newsvine.com,Female,253.247.73.201,[.-]6.	
739,Erin,Bowling,ebowlingki@abc.net.au,Male,237.48.126.2,^.
740,Carmon,Lovart,clovartkj@china.com.cn,Female,241.2.103.112,[.-]2$
741,Bliss,Wais,bwaiskk@google.co.jp,Female,114.64.32.30,^$
742,Horst,Murthwaite,hmurthwaitekl@mashable.com,Male,32.96.137.3,"	)([157])(423135)([]1[]."
743,Dani,Kelcher,dkelcherkm@google.fr,Male,21.133.96.94,[.-]7$
744,Del,Brammer,dbrammerkn@princeton.edu,Male,237.214.250.50,[.-]2
745,Tan,Landor,tlandorko@cocolog-nifty.com,Male,212.252.150.62,"[.-]1."
746,Rora,Young,ryoungkp@army.mil,Female,47.139.180.133,"[.-]4.
"
747,Renata,Hiscoe,rhiscoekq@vkontakte.ru,Female,50.126.8.36,"[.-]4."
748,Catharina,McShirrie,cmcshirriekr@soundcloud.com,Female,73.79.125.5,[.-]9$
749,Isaac,Dimitru,idimitruks@yelp.com,Male,10.85.239.31,[.-]7$
750,Nani,Deans,ndeanskt@google.com.au,Female,193.78.253.251,"	)([157])(813673)([]3[]
"
751,Tybalt,Bourchier,tbourchierku@wikipedia.org,Male,138.86.45.6,"^.
"
752,Hinze,Coakley,hcoakleykv@bloglines.com,Male,37.237.71.153,[.-]1.	
753,Inness,O'Heagertie,ioheagertiekw@taobao.com,Male,51.59.24.93,[.-]9.
754,Sonya,Jakobsson,sjakobssonkx@unc.edu,Female,110.254.74.181,[.-]9.
755,Geralda,Boatwright,gboatwrightky@usgs.gov,Female,70.45.2.226,")([157])(327254)([]5[].
"
756,Melisse,MacCartair,mmaccartairkz@nyu.edu,Female,109.249.196.171,")([157])(649696)([]4[].	"
757,Suki,Fillery,sfilleryl0@tripod.com,Female,167.95.36.79,"
)([157])(811617)([]4[].	"
758,Regan,De-Ville,rdevillel1@hubpages.com,Male,113.3.143.200,")([157])(988327)([]2[].	"
759,Billi,Twittey,btwitteyl2@constantcontact.com,Female,74.40.96.11,[.-]5.	
760,Myca,Kilbride,mkilbridel3@wikia.com,Male,165.249.128.112,"[.-]8"
761,Amitie,Duckworth,aduckworthl4@technorati.com,Female,197.224.68.205,[.-]4.
762,Arlen,Lawrinson,alawrinsonl5@desdev.cn,Male,240.14.223.75,[.-]8$
763,Mildrid,Melchior,mmelchiorl6@desdev.cn,Female,17.148.140.96,^$
764,Egor,Manvelle,emanvellel7@upenn.edu,Male,247.101.121.212,"[.-]4."
765,Adorne,Kyme,akymel8@paypal.com,Female,2.143.222.155,^.
766,Kristoforo,Cragoe,kcragoel9@creativecommons.org,Male,79.201.40.28,"
)([157])(644445)([]5[]$"
767,Carter,Gorghetto,cgorghettola@acquirethisname.com,Male,218.216.132.10,"	)([157])(865178)([]3[].
"
768,Doralyn,Wingatt,dwingattlb@tuttocitta.it,Female,107.129.22.115,^.
769,Hamil,Lacelett,hlacelettlc@shinystat.com,Male,141.62.63.176,[.-]7
770,Dom,McNysche,dmcnyscheld@springer.com,Male,251.236.146.45,^	
771,Erna,Tomaino,etomainole@princeton.edu,Female,109.252.231.35,"[.-]2
"
772,Frasquito,Tuxwell,ftuxwelllf@rambler.ru,Male,12.239.23.55,"[.-]5"
773,Alice,Archdeckne,aarchdecknelg@ed.gov,Female,20.63.16.41,	)([157])(272326)([]4[]$
774,Frank,Noads,fnoadslh@hc360.com,Female,199.29.230.8,"^
"
775,Clarissa,Rougier,crougierli@addtoany.com,Female,27.53.27.228,[.-]3$
776,Charla,Waterstone,cwaterstonelj@marketwatch.com,Female,51.229.93.91,"[.-]6
"
777,Nedda,Reisenstein,nreisensteinlk@a8.net,Female,151.131.193.0,"
)([157])(592544)([]5[].	"
778,Georas,Pepperell,gpepperellll@trellian.com,Male,122.147.74.7,[.-]5$
779,Anthiathia,Janodet,ajanodetlm@nasa.gov,Female,178.116.67.175,[.-]2$
780,Marius,Coulthard,mcoulthardln@blog.com,Male,202.218.6.122,"
)([157])(676646)([]8[]$"
781,Freedman,Wison,fwisonlo@mail.ru,Male,74.51.140.190,[.-]7
782,Chane,O'Hoey,cohoeylp@slashdot.org,Male,75.224.129.235,[.-]9.	
783,Gard,Philpin,gphilpinlq@ca.gov,Male,28.47.113.30,^$
784,Gabbi,Osbourn,gosbournlr@mediafire.com,Female,244.24.252.187,"[.-]8."
785,Romola,Gapper,rgapperls@blogspot.com,Female,200.200.96.239,"[.-]3."
786,Vail,Thackwray,vthackwraylt@mtv.com,Male,36.101.224.45,"[.-]4."
787,Livy,Glasner,lglasnerlu@cdc.gov,Female,204.216.26.223,[.-]5.
788,Irwin,Trobey,itrobeylv@seesaa.net,Male,7.200.151.2,^.	
789,Freddie,Ropars,froparslw@cbc.ca,Female,87.50.236.215,[.-]9.	
790,Ethe,Cristea,ecristealx@ameblo.jp,Male,84.105.103.192,"[.-]5"
791,Filia,Ballinghall,fballinghallly@w3.org,Female,14.239.208.86,"	)([157])(967351)([]2[]."
792,Sully,Glenister,sglenisterlz@cargocollective.com,Male,238.28.254.196,"	)([157])(457888)([]1[]
"
793,Penni,Jayme,pjaymem0@usnews.com,Female,43.169.124.116,"
)([157])(997974)([]8[]."
794,Ilyssa,Overton,iovertonm1@1688.com,Female,165.192.104.34,"[.-]4
"
795,Emerson,Phifer,ephiferm2@flavors.me,Male,227.68.213.161,[.-]8
796,Stanfield,Pedron,spedronm3@nationalgeographic.com,Male,195.237.105.42,"
)([157])(716071)([]3[]$"
797,Graeme,Allsopp,gallsoppm4@twitpic.com,Male,98.201.19.60,"^"
798,Papagena,Tye,ptyem5@xing.com,Female,168.230.64.87,"[.-]8
"
799,Humfried,Proudlock,hproudlockm6@flavors.me,Male,113.231.69.210,"[.-]9
"
800,Godwin,Levens,glevensm7@ox.ac.uk,Male,227.251.39.35,"
)([157])(010218)([]8[].
"
801,Ramonda,Ridehalgh,rridehalghm8@amazon.co.jp,Female,11.11.30.43,"[.-]6"
802,Archy,Lucio,aluciom9@nymag.com,Male,44.215.168.106,"[.-]9."
803,Moyna,MacCrachen,mmaccrachenma@tiny.cc,Female,158.49.112.102,"	)([157])(056087)([]8[].
"
804,Bernard,Kynsey,bkynseymb@hugedomains.com,Male,118.16.27.172,[.-]3$
805,Tyrone,Ansell,tansellmc@springer.com,Male,253.161.28.107,[.-]3.	
806,Shae,Timms,stimmsmd@etsy.com,Male,185.130.25.204,^.
807,Lettie,Butchard,lbutchardme@weibo.com,Female,116.63.250.182,^$
808,Rodolph,Barrar,rbarrarmf@macromedia.com,Male,105.69.229.202,[.-]9
809,Brooks,Kilgallon,bkilgallonmg@wp.com,Female,91.73.142.150,")([157])(649117)([]0[]$"
810,Allie,Amy,aamymh@indiegogo.com,Female,202.47.168.132,"[.-]7."
811,Lianna,Marshfield,lmarshfieldmi@youtu.be,Female,226.88.27.52,"^."
812,Ringo,Petrol,rpetrolmj@ft.com,Male,129.7.51.171,^.
813,Chrissy,Cristofolini,ccristofolinimk@rediff.com,Male,33.226.199.193,[.-]6$
814,Hedwiga,O'Kinedy,hokinedyml@fastcompany.com,Female,138.69.53.102,[.-]5$
815,Shirlene,Baldree,sbaldreemm@prlog.org,Female,33.35.88.123,"[.-]6
"
816,Farrel,Byfford,fbyffordmn@deviantart.com,Male,99.179.58.10,"^
"
817,Aleen,Bree,abreemo@vinaora.com,Female,100.253.231.143,	)([157])(393655)([]1[].
818,Tanitansy,Broose,tbroosemp@hp.com,Female,51.86.20.109,")([157])(957067)([]0[].	"
819,Viviene,Littlejohns,vlittlejohnsmq@nationalgeographic.com,Female,198.83.42.94,"
)([157])(760796)([]3[]$"
820,Clare,Brusin,cbrusinmr@t-online.de,Male,59.177.70.237,[.-]8.
821,Daryn,Ackwood,dackwoodms@loc.gov,Female,86.45.21.93,[.-]3.	
822,Abraham,Behrendsen,abehrendsenmt@alibaba.com,Male,138.206.159.122,")([157])(834450)([]7[].	"
823,Ailbert,Wyeth,awyethmu@toplist.cz,Male,209.222.149.71,^.	
824,Parry,Joselevitch,pjoselevitchmv@fda.gov,Male,165.96.129.37,	)([157])(200928)([]1[]
825,Jessie,Baggally,jbaggallymw@last.fm,Female,168.88.207.182,"[.-]1
"
826,Hussein,Mumbray,hmumbraymx@icq.com,Male,26.93.234.125,"
)([157])(084353)([]0[]	"
827,Freda,Jozefiak,fjozefiakmy@goo.gl,Female,120.4.152.248,"[.-]5.
"
828,Maximilianus,Tabor,mtabormz@51.la,Male,103.175.227.231,^$
829,Conny,Schulke,cschulken0@addthis.com,Male,24.220.103.64,")([157])(736221)([]4[]	"
830,Millisent,Nelm,mnelmn1@plala.or.jp,Female,188.248.207.187,"[.-]9.
"
831,Sheree,Zealander,szealandern2@newsvine.com,Female,101.175.61.98,"[.-]6.
"
832,Cornelia,Heild,cheildn3@loc.gov,Female,213.73.208.8,")([157])(035853)([]1[].
"
833,Abigael,Darwent,adarwentn4@hatena.ne.jp,Female,187.73.37.125,^$
834,Christen,Dmiterko,cdmiterkon5@over-blog.com,Female,106.171.62.1,^.
835,Washington,Dunseath,wdunseathn6@disqus.com,Male,13.236.80.249,^	
836,Carrissa,Milbourne,cmilbournen7@examiner.com,Female,36.218.61.236,"[.-]8.
"
837,Edgar,Spreckley,espreckleyn8@live.com,Male,46.232.176.192,[.-]2$
838,Angus,Dumpleton,adumpletonn9@cyberchimps.com,Male,14.241.119.156,"[.-]0
"
839,Garwin,Ygo,gygona@exblog.jp,Male,136.223.34.86,"^
"
840,Ody,Jeannaud,ojeannaudnb@diigo.com,Male,29.88.54.67,^$
841,Nara,Zorzutti,nzorzuttinc@nyu.edu,Female,169.99.244.237,")([157])(510666)([]6[]."
842,Cristobal,Petrowsky,cpetrowskynd@hibu.com,Male,237.9.53.65,^$
843,Dore,Avesque,davesquene@hud.gov,Male,95.22.37.22,"^.
"
844,Gillie,Sarten,gsartennf@foxnews.com,Female,235.3.35.130,"[.-]7"
845,Marje,Codman,mcodmanng@pbs.org,Female,68.63.40.126,	)([157])(096164)([]7[].
846,Binni,Vaud,bvaudnh@goo.gl,Female,175.209.189.35,"	)([157])(477230)([]9[]"
847,Olivette,Reiach,oreiachni@paypal.com,Female,233.132.175.142,[.-]1.
848,Mei,Eltringham,meltringhamnj@dropbox.com,Female,244.208.59.61,[.-]2$
849,Merrily,Pafford,mpaffordnk@canalblog.com,Female,91.145.107.250,"[.-]9.
"
850,Salvatore,Badrick,sbadricknl@stanford.edu,Male,172.238.64.231,^
851,Alon,Tales,atalesnm@furl.net,Male,217.54.226.25,[.-]1	
852,Shelba,Bloxam,sbloxamnn@de.vu,Female,216.4.189.215,"	)([157])(182363)([]3[].
"
853,Clarissa,Gilhoolie,cgilhoolieno@ycombinator.com,Female,88.57.52.18,[.-]6.
854,Jennica,Cow,jcownp@tripadvisor.com,Female,138.248.43.178,[.-]0$
855,Ellynn,Harsant,eharsantnq@linkedin.com,Female,88.95.109.139,	)([157])(015464)([]6[].	
856,Bogey,Coogan,bcoogannr@blogspot.com,Male,52.201.161.239,"
)([157])(683412)([]0[]."
857,Nikolaos,Kindleysides,nkindleysidesns@mozilla.com,Male,221.129.3.74,"
)([157])(581860)([]0[].
"
858,Morten,Dansie,mdansient@theglobeandmail.com,Male,45.142.133.118,[.-]7.	
859,Eli,Freiberg,efreibergnu@spiegel.de,Male,216.90.130.150,"^"
860,Kale,Giovanitti,kgiovanittinv@abc.net.au,Male,136.122.209.198,[.-]3.
861,Perrine,Happel,phappelnw@diigo.com,Female,177.93.174.176,"
)([157])(741046)([]4[]$"
862,Melosa,Ashburner,mashburnernx@wired.com,Female,9.53.154.245,")([157])(726339)([]4[]"
863,Robers,McGaughie,rmcgaughieny@businesswire.com,Male,127.200.145.81,"
)([157])(603895)([]0[]"
864,Alethea,Luckings,aluckingsnz@tumblr.com,Female,196.121.44.38,^$
865,Tallie,Benini,tbeninio0@columbia.edu,Male,67.18.125.95,[.-]2$
866,Tirrell,Jencken,tjenckeno1@buzzfeed.com,Male,124.238.60.80,")([157])(049156)([]8[]."
867,Adlai,Kiwitz,akiwitzo2@blogtalkradio.com,Male,121.148.51.25,"[.-]8.
"
868,Roze,Randal,rrandalo3@omniture.com,Female,154.92.246.184,"[.-]5"
869,Marven,Heinecke,mheineckeo4@icq.com,Male,173.149.194.30,	)([157])(993914)([]1[]$
870,Lucky,Muckloe,lmuckloeo5@xinhuanet.com,Female,101.2.177.172,"^."
871,Bruno,Beeson,bbeesono6@nasa.gov,Male,231.164.227.26,"^"
872,Goober,Kealey,gkealeyo7@pen.io,Male,155.233.129.184,"^.
"
873,Ly,Sutor,lsutoro8@walmart.com,Male,10.122.65.90,[.-]5$
874,Theo,Ambrogiotti,tambrogiottio9@usda.gov,Male,27.14.25.116,"[.-]4."
875,Kassia,Klimentyonok,kklimentyonokoa@free.fr,Female,206.111.172.110,[.-]8
876,Lia,Castellanos,lcastellanosob@taobao.com,Female,158.210.223.192,"
)([157])(992122)([]9[]$"
877,Ogden,Piffe,opiffeoc@stumbleupon.com,Male,245.14.83.36,	)([157])(234765)([]9[]$
878,Cherilynn,Janczewski,cjanczewskiod@oakley.com,Female,61.183.11.92,[.-]4.
879,Isak,Hegdonne,ihegdonneoe@nymag.com,Male,133.149.147.143,"[.-]0
"
880,Bebe,Gosalvez,bgosalvezof@indiegogo.com,Female,132.5.152.69,^$
881,Milo,Gould,mgouldog@cornell.edu,Male,154.130.123.252,"[.-]7"
882,Derron,Clymo,dclymooh@seattletimes.com,Male,218.86.61.48,[.-]3$
883,Dolf,Cullum,dcullumoi@webs.com,Male,208.50.142.139,	)([157])(644017)([]0[].
884,Tania,Hebdon,thebdonoj@alibaba.com,Female,177.159.68.28,[.-]9.	
885,Lelia,Threadgall,lthreadgallok@geocities.com,Female,153.236.22.75,"^"
886,Aurelea,Pavese,apaveseol@blog.com,Female,176.6.177.96,"[.-]6."
887,Cassius,Featherby,cfeatherbyom@prnewswire.com,Male,58.151.75.43,"[.-]9.
"
888,Tod,Frigout,tfrigouton@godaddy.com,Male,159.153.244.187,	)([157])(395672)([]9[].	
889,Clary,Seid,cseidoo@marketwatch.com,Female,85.66.55.116,[.-]5	
890,Cassy,Cashin,ccashinop@tumblr.com,Female,168.188.163.151,[.-]7	
891,Jard,Coronado,jcoronadooq@flavors.me,Male,142.177.212.200,"[.-]2."
892,Essa,Lindeboom,elindeboomor@oakley.com,Female,252.236.231.53,"[.-]4.
"
893,Stace,Beston,sbestonos@utexas.edu,Female,81.51.15.80,[.-]0
894,Ailyn,Welden,aweldenot@gnu.org,Female,122.223.16.87,"
)([157])(075896)([]9[]$"
895,Joycelin,Druitt,jdruittou@xrea.com,Female,49.77.217.90,[.-]2$
896,Giorgi,Pimblett,gpimblettov@imgur.com,Male,152.16.143.137,"^.
"
897,Alisun,Kuhle,akuhleow@boston.com,Female,248.21.185.21,"[.-]3.
"
898,Wanids,Joney,wjoneyox@bigcartel.com,Female,137.141.119.142,[.-]0.	
899,Benetta,Stapylton,bstapyltonoy@epa.gov,Female,59.73.27.13,[.-]2$
900,Eileen,Camilli,ecamillioz@google.es,Female,111.155.253.129,[.-]0.	
901,Emelia,Evreux,eevreuxp0@sfgate.com,Female,13.147.16.70,^$
902,Mead,Pinnock,mpinnockp1@csmonitor.com,Female,127.21.233.7,[.-]0$
903,Morry,Phelipeaux,mphelipeauxp2@yolasite.com,Male,182.24.163.48,"
)([157])(922410)([]3[].
"
904,Stillman,Kroch,skrochp3@hubpages.com,Male,157.99.177.121,^$
905,Caye,Pennycook,cpennycookp4@yandex.ru,Female,224.198.100.33,[.-]7
906,Ashla,Celez,acelezp5@4shared.com,Female,186.242.116.152,[.-]6
907,Constantino,Trace,ctracep6@oaic.gov.au,Male,50.123.176.90,"[.-]3
"
908,Mord,Laurenzi,mlaurenzip7@mozilla.org,Male,110.239.191.122,"[.-]5."
909,Rand,Shilton,rshiltonp8@webnode.com,Male,249.191.146.200,)([157])(152793)([]8[]$
910,Johan,Arendt,jarendtp9@amazon.co.uk,Male,176.221.124.150,[.-]5.	
911,Erskine,Burgwin,eburgwinpa@columbia.edu,Male,214.116.235.4,[.-]9$
912,Boy,Brader,bbraderpb@nih.gov,Male,15.75.37.111,^$
913,Arleyne,Whitlock,awhitlockpc@hhs.gov,Female,227.33.205.179,[.-]6.
914,Wilden,Lindberg,wlindbergpd@biglobe.ne.jp,Male,209.226.7.193,[.-]2
915,Debor,Ashborne,dashbornepe@bloglovin.com,Female,232.159.228.26,^$
916,Hilliard,Lysons,hlysonspf@istockphoto.com,Male,75.130.35.101,")([157])(774868)([]3[].	"
917,Gary,Staneland,gstanelandpg@wordpress.org,Male,139.88.219.187,"[.-]7
"
918,Jerrilyn,Force,jforceph@ocn.ne.jp,Female,215.150.187.249,"
)([157])(585498)([]3[].
"
919,Malia,Puttock,mputtockpi@nyu.edu,Female,132.180.119.42,"[.-]0"
920,Rachel,Greim,rgreimpj@wordpress.org,Female,136.219.33.31,[.-]5.	
921,Bradley,Lillecrap,blillecrappk@epa.gov,Male,32.9.87.247,"[.-]7"
922,Stanislaw,Dregan,sdreganpl@hatena.ne.jp,Male,179.251.109.97,")([157])(342659)([]1[]$"
923,Tyson,Ferras,tferraspm@mapy.cz,Male,136.253.26.94,	)([157])(115433)([]3[]$
924,Adrien,Bourgaize,abourgaizepn@cloudflare.com,Male,212.85.187.174,^.	
925,Barret,Friese,bfriesepo@ask.com,Male,220.71.234.200,[.-]4$
926,Anselma,Vercruysse,avercruyssepp@umich.edu,Female,165.70.131.68,[.-]5$
927,Yorker,MacAindreis,ymacaindreispq@wix.com,Male,109.156.105.206,	)([157])(123313)([]7[].
928,Brande,Melbourn,bmelbournpr@cnn.com,Female,221.122.70.69,"[.-]4
"
929,Pet,Tarney,ptarneyps@answers.com,Female,116.116.218.204,[.-]8$
930,Viv,Fletcher,vfletcherpt@newyorker.com,Female,214.35.38.226,^$
931,Wood,Beggan,wbegganpu@uiuc.edu,Male,145.230.51.108,^.	
932,Ellwood,Goodge,egoodgepv@canalblog.com,Male,179.36.222.108,"	)([157])(586033)([]4[]."
933,Allister,Duchart,aduchartpw@youtube.com,Male,29.68.230.153,[.-]6.
934,Atalanta,Pilger,apilgerpx@ehow.com,Female,212.120.0.22,^$
935,Romola,Ruddy,rruddypy@meetup.com,Female,171.150.167.29,"[.-]4."
936,Bili,Trent,btrentpz@google.co.jp,Female,242.134.11.138,)([157])(841099)([]2[]$
937,Roth,Lampl,rlamplq0@nydailynews.com,Male,174.103.4.59,"
)([157])(512080)([]6[]$"
938,Kristofer,Sherman,kshermanq1@sphinn.com,Male,195.114.79.23,"[.-]6."
939,Emalia,Thirkettle,ethirkettleq2@sfgate.com,Female,116.78.172.255,[.-]3$
940,Aurel,Challenor,achallenorq3@shutterfly.com,Female,4.49.124.7,"[.-]3."
941,Goober,Alexandre,galexandreq4@bigcartel.com,Male,208.11.198.218,)([157])(148596)([]8[].
942,Adlai,Moss,amossq5@japanpost.jp,Male,87.93.87.64,"[.-]2"
943,Lezley,Rawlings,lrawlingsq6@redcross.org,Male,198.88.187.162,"[.-]9
"
944,Elladine,Szanto,eszantoq7@pinterest.com,Female,44.104.154.91,[.-]6.	
945,Duffie,Beer,dbeerq8@istockphoto.com,Male,153.184.234.168,"[.-]2"
946,Carly,Pieter,cpieterq9@hp.com,Female,146.11.182.185,"^"
947,Bartel,Flowers,bflowersqa@canalblog.com,Male,206.234.186.93,[.-]2
948,Lamar,Whyffen,lwhyffenqb@hexun.com,Male,66.68.41.93,[.-]8$
949,Neddy,Toffel,ntoffelqc@163.com,Male,204.89.16.96,"[.-]1.
"
950,Spencer,Carter,scarterqd@adobe.com,Male,241.253.2.219,")([157])(656326)([]9[]."
951,Beverly,Kyme,bkymeqe@cnn.com,Female,195.114.224.137,[.-]6.	
952,Berk,Tizzard,btizzardqf@fema.gov,Male,243.197.161.239,"	)([157])(683718)([]1[]
"
953,Dinah,Botger,dbotgerqg@cmu.edu,Female,251.130.247.163,^.
954,Yulma,Leggen,yleggenqh@howstuffworks.com,Male,229.248.83.78,^$
955,Kellen,Marchelli,kmarchelliqi@unc.edu,Male,82.137.92.27,"^."
956,Pier,Coffee,pcoffeeqj@dmoz.org,Female,135.204.91.30,[.-]8$
957,Sigfried,Gilliatt,sgilliattqk@posterous.com,Male,17.111.240.1,[.-]4.
958,Elton,Peplow,epeplowql@vinaora.com,Male,142.244.136.202,[.-]2.	
959,Penny,Rowler,prowlerqm@flickr.com,Female,25.87.30.8,"	)([157])(820803)([]9[]"
960,Valene,Trouel,vtrouelqn@blogtalkradio.com,Female,150.35.17.219,"[.-]0."
961,Theresina,Lovemore,tlovemoreqo@house.gov,Female,39.96.37.89,")([157])(884575)([]0[].
"
962,Teador,Skells,tskellsqp@hubpages.com,Male,112.71.86.245,"[.-]3
"
963,Rivi,Olfert,rolfertqq@miibeian.gov.cn,Female,30.92.199.108,"^
"
964,Gradeigh,Kaasman,gkaasmanqr@ucla.edu,Male,43.44.139.55,[.-]8.
965,Harley,Sheryne,hsheryneqs@bloomberg.com,Female,11.243.234.13,^$
966,Hammad,Brittles,hbrittlesqt@cpanel.net,Male,46.159.39.191,[.-]0$
967,Tulley,Bowdidge,tbowdidgequ@amazon.co.uk,Male,143.138.50.80,^.
968,Ryann,Kilkenny,rkilkennyqv@pbs.org,Female,8.102.248.19,"^."
969,Janean,Bonar,jbonarqw@sphinn.com,Female,64.67.32.129,")([157])(884336)([]1[]"
970,Dannel,Newnham,dnewnhamqx@adobe.com,Male,48.190.204.145,^$
971,Silvie,Petford,spetfordqy@microsoft.com,Female,65.145.249.74,^$
972,Nevin,Simonett,nsimonettqz@printfriendly.com,Male,236.112.24.5,[.-]1$
973,Hunter,Dafydd,hdafyddr0@imageshack.us,Male,213.68.137.202,"^.
"
974,Perla,Gavigan,pgaviganr1@theatlantic.com,Female,232.214.223.121,")([157])(334161)([]6[]$"
975,Livia,Durston,ldurstonr2@mit.edu,Female,103.152.63.188,^.
976,Susi,Aykroyd,saykroydr3@example.com,Female,123.221.241.160,"[.-]3"
977,Maryellen,Bugbee,mbugbeer4@symantec.com,Female,130.254.220.185,"[.-]9"
978,Ag,Loosely,alooselyr5@joomla.org,Female,184.17.122.23,[.-]2.	
979,Jedd,Kumar,jkumarr6@aboutads.info,Male,255.226.202.167,"^."
980,Elmore,Godson,egodsonr7@cpanel.net,Male,22.202.183.60,"[.-]2
"
981,Crichton,O'Scollee,coscolleer8@odnoklassniki.ru,Male,78.206.69.41,	)([157])(484175)([]9[]	
982,Stephi,Staniforth,sstaniforthr9@istockphoto.com,Female,95.249.218.153,[.-]8$
983,Ephrem,Tredwell,etredwellra@uol.com.br,Male,18.150.205.32,"[.-]8.
"
984,Karrah,Mocker,kmockerrb@typepad.com,Female,28.66.175.235,^$
985,Gustaf,Le Estut,gleestutrc@utexas.edu,Male,181.74.133.1,"^
"
986,Rea,Casel,rcaselrd@state.tx.us,Female,70.225.49.3,[.-]1.	
987,Gertrudis,Stears,gstearsre@earthlink.net,Female,168.27.101.22,"[.-]5."
988,Lenna,Macenzy,lmacenzyrf@statcounter.com,Female,219.92.253.25,"^."
989,Cedric,Coonan,ccoonanrg@java.com,Male,207.193.67.182,[.-]3.	
990,Bobbee,Pembridge,bpembridgerh@quantcast.com,Female,180.12.29.124,")([157])(550851)([]9[]
"
991,Pall,Stamper,pstamperri@bing.com,Male,239.121.237.217,"[.-]3.
"
992,Gaile,Pursglove,gpursgloverj@list-manage.com,Male,79.74.166.154,^.
993,Lorna,Reynoollds,lreynoolldsrk@smugmug.com,Female,86.209.88.120,")([157])(093193)([]2[].
"
994,Earl,Rainton,eraintonrl@mozilla.com,Male,93.186.39.90,[.-]7.	
995,Rhett,Riddall,rriddallrm@shinystat.com,Male,212.97.227.197,"[.-]6."
996,Stanislas,Sherbrook,ssherbrookrn@bbc.co.uk,Male,83.51.10.51,^$
997,Wash,Dawton,wdawtonro@cbc.ca,Male,250.102.50.179,^$
998,Norrie,Grimsell,ngrimsellrp@fda.gov,Male,226.96.180.22,[.-]9$
999,Homerus,Skillen,hskillenrq@tuttocitta.it,Male,83.244.101.54,^.
1000,Ambur,Petofi,apetofirr@abc.net.au,Female,58.192.42.117,"	)([157])(114799)([]5[]."
